year,plotID,TotalMowing,CutHeight_cm1,CutHeight_cm2,CutHeight_cm3,CutHeight_cm4,CutHeight_cm5,MowingDay1,MowingDay2,MowingDay3,MowingDay4,MowingDay5
2006,AEG01,2,,,,,,152,212,,,
2006,AEG10,1,,,,,,196,,,,
2006,AEG11,2,,,,,,181,243,,,
2006,AEG12,2,,,,,,152,212,,,
2006,AEG13,2,,,,,,152,212,,,
2006,AEG14,2,,,,,,135,196,,,
2006,AEG15,3,,,,,,140,196,232,,
2006,AEG16,1,,,,,,166,,,,
2006,AEG17,3,,,,,,151,196,258,,
2006,AEG18,3,,,,,,135,196,258,,
2006,AEG19,1,,,,,,152,,,,
2006,AEG02,3,,,,,,135,182,258,,
2006,AEG20,0,,,,,,,,,,
2006,AEG21,0,,,,,,,,,,
2006,AEG22,1,,,,,,182,,,,
2006,AEG23,2,,,,,,152,227,,,
2006,AEG24,2,,,,,,151,212,,,
2006,AEG25,0,,,,,,,,,,
2006,AEG26,0,,,,,,,,,,
2006,AEG27,0,,,,,,,,,,
2006,AEG28,0,,,,,,,,,,
2006,AEG29,1,,,,,,166,,,,
2006,AEG03,2,,,,,,152,243,,,
2006,AEG30,0,,,,,,,,,,
2006,AEG31,0,,,,,,,,,,
2006,AEG32,0,,,,,,,,,,
2006,AEG33,0,,,,,,,,,,
2006,AEG34,0,,,,,,,,,,
2006,AEG35,2,,,,,,181,258,,,
2006,AEG36,2,,,,,,181,243,,,
2006,AEG37,2,,,,,,152,212,,,
2006,AEG38,2,,,,,,166,244,,,
2006,AEG39,2,,,,,,152,212,,,
2006,AEG04,1,,,,,,182,,,,
2006,AEG40,2,,,,,,140,227,,,
2006,AEG41,3,,,,,,138,276,303,,
2006,AEG42,1,,,,,,121,,,,
2006,AEG43,1,,,,,,152,,,,
2006,AEG44,0,,,,,,,,,,
2006,AEG45,2,,,,,,166,243,,,
2006,AEG46,0,,,,,,,,,,
2006,AEG47,0,,,,,,,,,,
2006,AEG48,0,,,,,,,,,,
2006,AEG49,0,,,,,,,,,,
2006,AEG05,1,,,,,,152,,,,
2006,AEG50,2,,,,,,227,304,,,
2006,AEG06,1,,,,,,152,,,,
2006,AEG07,0,,,,,,,,,,
2006,AEG08,1,,,,,,,,,,
2006,AEG09,0,,,,,,,,,,
2006,HEG01,2,,,,,,149,188,,,
2006,HEG10,1,,,,,,181,,,,
2006,HEG11,1,,,,,,181,,,,
2006,HEG12,1,,,,,,169,,,,
2006,HEG13,3,,,,,,144,,244,,
2006,HEG14,1,,,,,,181,,,,
2006,HEG15,1,,,,,,152,,,,
2006,HEG16,0,,,,,,,,,,
2006,HEG17,1,,,,,,,,,,
2006,HEG18,0,,,,,,,,,,
2006,HEG19,1,,,,,,,,,,
2006,HEG02,3,,,,,,158,,255,,
2006,HEG20,0,,,,,,,,,,
2006,HEG21,0,,,,,,,,,,
2006,HEG22,2,,,,,,167,,,,
2006,HEG23,2,,,,,,187,,,,
2006,HEG24,3,,,,,,153,,,,
2006,HEG25,1,,,,,,,,,,
2006,HEG26,1,,,,,,181,,,,
2006,HEG27,1,,,,,,182,,,,
2006,HEG28,1,,,,,,170,,,,
2006,HEG29,1,,,,,,170,,,,
2006,HEG03,3,,,,,,158,,255,,
2006,HEG30,3,,,,,,157,255,,,
2006,HEG31,3,,,,,,165,251,,,
2006,HEG32,1,,,,,,169,,,,
2006,HEG33,0,,,,,,,,,,
2006,HEG34,2,,,,,,158,,,,
2006,HEG35,2,,,,,,158,,,,
2006,HEG36,1,,,,,,152,,,,
2006,HEG37,1,,,,,,152,,,,
2006,HEG38,2,,,,,,,,,,
2006,HEG39,2,,,,,,,,,,
2006,HEG04,2,,,,,,163,,,,
2006,HEG40,0,,,,,,,,,,
2006,HEG41,0,,,,,,,,,,
2006,HEG42,1,,,,,,,,,,
2006,HEG43,0,,,,,,,,,,
2006,HEG44,0,,,,,,,,,,
2006,HEG45,0,,,,,,,,,,
2006,HEG46,0,,,,,,,,,,
2006,HEG47,1,,,,,,181,,,,
2006,HEG48,1,,,,,,181,,,,
2006,HEG49,1,,,,,,181,,,,
2006,HEG05,3,,,,,,157,255,,,
2006,HEG50,1,,,,,,181,,,,
2006,HEG06,2,,,,,,158,,,,
2006,HEG07,0,,,,,,,,,,
2006,HEG08,0,,,,,,,,,,
2006,HEG09,0,,,,,,,,,,
2006,SEG01,3,,,,,,145,191,237,,
2006,SEG10,2,,,,,,151,212,,,
2006,SEG11,2,,,,,,151,212,,,
2006,SEG12,3,,,,,,145,191,237,,
2006,SEG13,2,,,,,,135,200,,,
2006,SEG14,0,,,,,,,,,,
2006,SEG15,1,,,,,,273,,,,
2006,SEG16,1,,,,,,273,,,,
2006,SEG17,1,,,,,,151,,,,
2006,SEG18,1,,,,,,182,,,,
2006,SEG19,0,,,,,,,,,,
2006,SEG02,2,,,,,,157,261,,,
2006,SEG20,1,,,,,,,,,,
2006,SEG21,1,,,,,,,,,,
2006,SEG22,0,,,,,,,,,,
2006,SEG23,2,,,,,,130,273,,,
2006,SEG24,2,,,,,,182,244,,,
2006,SEG25,2,,,,,,152,255,,,
2006,SEG26,2,,,,,,130,273,,,
2006,SEG27,1,,,,,,196,,,,
2006,SEG28,2,,,,,,166,243,,,
2006,SEG29,1,,,,,,196,,,,
2006,SEG03,2,,,,,,151,212,,,
2006,SEG30,1,,,,,,186,,,,
2006,SEG31,1,,,,,,186,,,,
2006,SEG32,1,,,,,,186,,,,
2006,SEG33,2,,,,,,171,,,,
2006,SEG34,2,,,,,,171,,,,
2006,SEG35,2,,,,,,171,,,,
2006,SEG36,1,,,,,,,,,,
2006,SEG37,0,,,,,,,,,,
2006,SEG38,1,,,,,,181,,,,
2006,SEG39,1,,,,,,,,,,
2006,SEG04,1,,,,,,273,,,,
2006,SEG40,0,,,,,,,,,,
2006,SEG41,0,,,,,,,,,,
2006,SEG42,0,,,,,,,,,,
2006,SEG43,0,,,,,,,,,,
2006,SEG44,0,,,,,,,,,,
2006,SEG45,0,,,,,,,,,,
2006,SEG46,1,,,,,,,,,,
2006,SEG47,1,,,,,,,,,,
2006,SEG48,0,,,,,,,,,,
2006,SEG49,1,,,,,,,,,,
2006,SEG05,1,,,,,,273,,,,
2006,SEG50,1,,,,,,,,,,
2006,SEG06,1,,,,,,151,,,,
2006,SEG07,0,,,,,,,,,,
2006,SEG08,0,,,,,,,,,,
2006,SEG09,1,,,,,,,,,,
2007,AEG01,2,,,,,,181,273,,,
2007,AEG10,1,,,,,,196,,,,
2007,AEG11,3,,,,,,151,212,273,,
2007,AEG12,2,,,,,,181,273,,,
2007,AEG13,2,,,,,,181,273,,,
2007,AEG14,2,,,,,,152,212,,,
2007,AEG15,3,,,,,,151,196,258,,
2007,AEG16,2,,,,,,166,243,,,
2007,AEG17,3,,,,,,151,196,243,,
2007,AEG18,3,,,,,,152,212,304,,
2007,AEG19,1,,,,,,152,,,,
2007,AEG02,3,,,,,,135,196,258,,
2007,AEG20,0,,,,,,,,,,
2007,AEG21,0,,,,,,,,,,
2007,AEG22,1,,,,,,196,,,,
2007,AEG23,2,,,,,,152,227,,,
2007,AEG24,2,,,,,,151,196,,,
2007,AEG25,0,,,,,,,,,,
2007,AEG26,0,,,,,,,,,,
2007,AEG27,0,,,,,,,,,,
2007,AEG28,0,,,,,,,,,,
2007,AEG29,1,,,,,,152,,,,
2007,AEG03,3,,,,,,151,196,243,,
2007,AEG30,0,,,,,,,,,,
2007,AEG31,0,,,,,,,,,,
2007,AEG32,0,,,,,,,,,,
2007,AEG33,0,,,,,,,,,,
2007,AEG34,0,,,,,,,,,,
2007,AEG35,2,,,,,,182,258,,,
2007,AEG36,2,,,,,,183,258,,,
2007,AEG37,2,,,,,,181,273,,,
2007,AEG38,2,,,,,,140,227,,,
2007,AEG39,2,,,,,,181,273,,,
2007,AEG04,1,,,,,,182,,,,
2007,AEG40,2,,,,,,135,244,,,
2007,AEG41,2,,,,,,182,273,,,
2007,AEG42,1,,,,,,121,,,,
2007,AEG43,1,,,,,,196,,,,
2007,AEG44,0,,,,,,,,,,
2007,AEG45,2,,,,,,194,240,,,
2007,AEG46,0,,,,,,,,,,
2007,AEG47,0,,,,,,,,,,
2007,AEG48,0,,,,,,,,,,
2007,AEG49,0,,,,,,,,,,
2007,AEG05,1,,,,,,152,,,,
2007,AEG50,2,,,,,,227,304,,,
2007,AEG06,1,,,,,,152,,,,
2007,AEG07,0,,,,,,,,,,
2007,AEG08,1,,,,,,166,,,,
2007,AEG09,0,,,,,,,,,,
2007,HEG01,3,,,,,,142,,258,,
2007,HEG10,1,,,,,,181,,,,
2007,HEG11,1,,,,,,181,,,,
2007,HEG12,0,,,,,,,,,,
2007,HEG13,3,,,,,,135,258,,,
2007,HEG14,1,,,,,,181,,,,
2007,HEG15,2,,,,,,166,227,,,
2007,HEG16,0,,,,,,,,,,
2007,HEG17,1,,,,,,,,,,
2007,HEG18,0,,,,,,,,,,
2007,HEG19,0,,,,,,,,,,
2007,HEG02,3,,,,,,142,,258,,
2007,HEG20,0,,,,,,,,,,
2007,HEG21,0,,,,,,,,,,
2007,HEG22,2,,,,,,166,,,,
2007,HEG23,1,,,,,,198,,,,
2007,HEG24,1,,,,,,,,,,
2007,HEG25,1,,,,,,,,,,
2007,HEG26,1,,,,,,181,,,,
2007,HEG27,1,,,,,,152,,,,
2007,HEG28,1,,,,,,,,,,
2007,HEG29,2,,,,,,,,,,
2007,HEG03,3,,,,,,141,,257,,
2007,HEG30,4,,,,,,140,,254,,
2007,HEG31,1,,,,,,160,,,,
2007,HEG32,1,,,,,,152,,,,
2007,HEG33,1,,,,,,,,,,
2007,HEG34,1,,,,,,151,,,,
2007,HEG35,1,,,,,,151,,,,
2007,HEG36,1,,,,,,181,,,,
2007,HEG37,1,,,,,,181,,,,
2007,HEG38,2,,,,,,,,,,
2007,HEG39,0,,,,,,,,,,
2007,HEG04,1,,,,,,,,,,
2007,HEG40,0,,,,,,,,,,
2007,HEG41,0,,,,,,,,,,
2007,HEG42,0,,,,,,,,,,
2007,HEG43,0,,,,,,,,,,
2007,HEG44,0,,,,,,,,,,
2007,HEG45,0,,,,,,,,,,
2007,HEG46,0,,,,,,,,,,
2007,HEG47,1,,,,,,181,,,,
2007,HEG48,0,,,,,,,,,,
2007,HEG49,0,,,,,,,,,,
2007,HEG05,3,,,,,,141,179,,,
2007,HEG50,1,,,,,,181,,,,
2007,HEG06,1,,,,,,151,,,,
2007,HEG07,0,,,,,,,,,,
2007,HEG08,0,,,,,,,,,,
2007,HEG09,0,,,,,,,,,,
2007,SEG01,2,,,,,,142,183,,,
2007,SEG10,2,,,,,,151,212,,,
2007,SEG11,2,,,,,,151,212,,,
2007,SEG12,2,,,,,,142,182,,,
2007,SEG13,2,,,,,,178,270,,,
2007,SEG14,0,,,,,,,,,,
2007,SEG15,1,,,,,,273,,,,
2007,SEG16,1,,,,,,273,,,,
2007,SEG17,2,,,,,,158,250,,,
2007,SEG18,2,,,,,,187,268,,,
2007,SEG19,0,,,,,,,,,,
2007,SEG02,2,,,,,,144,215,,,
2007,SEG20,1,,,,,,,,,,
2007,SEG21,1,,,,,,,,,,
2007,SEG22,0,,,,,,,,,,
2007,SEG23,2,,,,,,130,273,,,
2007,SEG24,1,,,,,,212,,,,
2007,SEG25,2,,,,,,155,215,,,
2007,SEG26,2,,,,,,130,273,,,
2007,SEG27,1,,,,,,196,,,,
2007,SEG28,1,,,,,,166,243,,,
2007,SEG29,0,,,,,,,,,,
2007,SEG03,2,,,,,,151,212,,,
2007,SEG30,2,,,,,,204,290,,,
2007,SEG31,2,,,,,,204,290,,,
2007,SEG32,2,,,,,,204,290,,,
2007,SEG33,1,,,,,,158,,,,
2007,SEG34,1,,,,,,157,,,,
2007,SEG35,1,,,,,,157,,,,
2007,SEG36,2,,,,,,,,,,
2007,SEG37,0,,,,,,,,,,
2007,SEG38,1,,,,,,181,,,,
2007,SEG39,3,,,,,,212,,,,
2007,SEG04,1,,,,,,273,,,,
2007,SEG40,0,,,,,,,,,,
2007,SEG41,0,,,,,,,,,,
2007,SEG42,0,,,,,,,,,,
2007,SEG43,0,,,,,,,,,,
2007,SEG44,0,,,,,,,,,,
2007,SEG45,0,,,,,,,,,,
2007,SEG46,2,,,,,,,,,,
2007,SEG47,2,,,,,,,,,,
2007,SEG48,1,,,,,,,,,,
2007,SEG49,2,,,,,,,,,,
2007,SEG05,1,,,,,,273,,,,
2007,SEG50,1,,,,,,,,,,
2007,SEG06,2,,,,,,158,250,,,
2007,SEG07,0,,,,,,,,,,
2007,SEG08,0,,,,,,,,,,
2007,SEG09,1,,,,,,,,,,
2008,AEG01,2,,,,,,182,274,,,
2008,AEG10,1,,,,,,196,,,,
2008,AEG11,3,,,,,,152,213,274,,
2008,AEG12,2,,,,,,182,274,,,
2008,AEG13,2,,,,,,182,274,,,
2008,AEG14,2,,,,,,153,213,,,
2008,AEG15,3,,,,,,152,197,259,,
2008,AEG16,2,,,,,,167,228,,,
2008,AEG17,3,,,,,,152,197,245,,
2008,AEG18,3,,,,,,153,213,305,,
2008,AEG19,1,,,,,,153,,,,
2008,AEG02,3,,,,,,136,197,259,,
2008,AEG20,0,,,,,,,,,,
2008,AEG21,0,,,,,,,,,,
2008,AEG22,1,,,,,,197,,,,
2008,AEG23,2,,,,,,153,228,,,
2008,AEG24,2,,,,,,152,197,,,
2008,AEG25,0,,,,,,,,,,
2008,AEG26,0,,,,,,,,,,
2008,AEG27,0,,,,,,,,,,
2008,AEG28,0,,,,,,,,,,
2008,AEG29,1,,,,,,213,,,,
2008,AEG03,3,,,,,,152,197,244,,
2008,AEG30,0,,,,,,,,,,
2008,AEG31,0,,,,,,,,,,
2008,AEG32,0,,,,,,,,,,
2008,AEG33,0,,,,,,,,,,
2008,AEG34,0,,,,,,,,,,
2008,AEG35,2,,,,,,183,259,,,
2008,AEG36,2,,,,,,183,259,,,
2008,AEG37,2,,,,,,182,274,,,
2008,AEG38,2,,,,,,167,243,,,
2008,AEG39,2,,,,,,182,274,,,
2008,AEG04,1,,,,,,183,,,,
2008,AEG40,3,,,,,,146,228,274,,
2008,AEG41,2,,,,,,183,274,,,
2008,AEG42,1,,,,,,122,,,,
2008,AEG43,1,,,,,,197,,,,
2008,AEG44,0,,,,,,,,,,
2008,AEG45,2,,,,,,177,244,,,
2008,AEG46,0,,,,,,,,,,
2008,AEG47,0,,,,,,,,,,
2008,AEG48,0,,,,,,,,,,
2008,AEG49,0,,,,,,,,,,
2008,AEG05,1,,,,,,182,,,,
2008,AEG50,2,,,,,,228,305,,,
2008,AEG06,1,,,,,,153,,,,
2008,AEG07,0,,,,,,,,,,
2008,AEG08,1,,,,,,167,,,,
2008,AEG09,0,,,,,,,,,,
2008,HEG01,2,,,,,,141,186,,,
2008,HEG10,2,,,,,,182,,,,
2008,HEG11,2,,,,,,182,,,,
2008,HEG12,0,,,,,,,,,,
2008,HEG13,3,,,,,,136,,259,,
2008,HEG14,1,,,,,,182,,,,
2008,HEG15,1,,,,,,157,,,,
2008,HEG16,0,,,,,,,,,,
2008,HEG17,1,,,,,,,,,,
2008,HEG18,0,,,,,,,,,,
2008,HEG19,0,,,,,,,,,,
2008,HEG02,3,,,,,,138,,284,,
2008,HEG20,0,,,,,,,,,,
2008,HEG21,0,,,,,,,,,,
2008,HEG22,2,,,,,,136,136,,,
2008,HEG23,1,,,,,,165,,,,
2008,HEG24,1,,,,,,163,,,,
2008,HEG25,2,,,,,,,,,,
2008,HEG26,1,,,,,,182,,,,
2008,HEG27,1,,,,,,153,,,,
2008,HEG28,2,,,,,,,,,,
2008,HEG29,1,,,,,,,,,,
2008,HEG03,3,,,,,,138,,284,,
2008,HEG30,3,,,,,,143,,244,,
2008,HEG31,1,,,,,,160,,,,
2008,HEG32,1,,,,,,153,,,,
2008,HEG33,2,,,,,,,,,,
2008,HEG34,1,,,,,,153,,,,
2008,HEG35,1,,,,,,153,,,,
2008,HEG36,1,,,,,,153,,,,
2008,HEG37,1,,,,,,182,,,,
2008,HEG38,1,,,,,,,,,,
2008,HEG39,0,,,,,,,,,,
2008,HEG04,3,,,,,,,,,,
2008,HEG40,0,,,,,,,,,,
2008,HEG41,0,,,,,,,,,,
2008,HEG42,0,,,,,,,,,,
2008,HEG43,0,,,,,,,,,,
2008,HEG44,0,,,,,,,,,,
2008,HEG45,0,,,,,,,,,,
2008,HEG46,0,,,,,,,,,,
2008,HEG47,1,,,,,,182,,,,
2008,HEG48,1,,,,,,197,,,,
2008,HEG49,1,,,,,,167,,,,
2008,HEG05,3,,,,,,144,183,,,
2008,HEG50,1,,,,,,182,,,,
2008,HEG06,1,,,,,,153,,,,
2008,HEG07,1,,,,,,,,,,
2008,HEG08,1,,,,,,,,,,
2008,HEG09,0,,,,,,,,,,
2008,SEG01,3,,,,,,147,191,244,,
2008,SEG10,2,,,,,,154,245,,,
2008,SEG11,2,,,,,,154,245,,,
2008,SEG12,3,,,,,,147,191,244,,
2008,SEG13,2,,,,,,170,280,,,
2008,SEG14,1,,,,,,192,,,,
2008,SEG15,1,,,,,,172,,,,
2008,SEG16,1,,,,,,178,,,,
2008,SEG17,1,,,,,,153,,,,
2008,SEG18,2,,,,,,169,233,,,
2008,SEG19,1,,,,,,274,,,,
2008,SEG02,2,,,,,,155,245,,,
2008,SEG20,0,,,,,,,,,,
2008,SEG21,0,,,,,,,,,,
2008,SEG22,0,,,,,,,,,,
2008,SEG23,2,,,,,,154,256,,,
2008,SEG24,2,,,,,,167,259,,,
2008,SEG25,2,,,,,,167,260,,,
2008,SEG26,1,,,,,,154,,,,
2008,SEG27,1,,,,,,183,,,,
2008,SEG28,2,,,,,,167,259,,,
2008,SEG29,1,,,,,,274,,,,
2008,SEG03,2,,,,,,154,245,,,
2008,SEG30,1,,,,,,152,,,,
2008,SEG31,1,,,,,,152,,,,
2008,SEG32,1,,,,,,152,,,,
2008,SEG33,0,,,,,,,,,,
2008,SEG34,1,,,,,,151,,,,
2008,SEG35,1,,,,,,151,,,,
2008,SEG36,0,,,,,,,,,,
2008,SEG37,0,,,,,,,,,,
2008,SEG38,0,,,,,,,,,,
2008,SEG39,1,,,,,,151,,,,
2008,SEG04,1,,,,,,174,,,,
2008,SEG40,0,,,,,,,,,,
2008,SEG41,0,,,,,,,,,,
2008,SEG42,0,,,,,,,,,,
2008,SEG43,0,,,,,,,,,,
2008,SEG44,0,,,,,,,,,,
2008,SEG45,0,,,,,,,,,,
2008,SEG46,2,,,,,,,,,,
2008,SEG47,0,,,,,,,,,,
2008,SEG48,1,,,,,,275,,,,
2008,SEG49,0,,,,,,,,,,
2008,SEG05,1,,,,,,172,,,,
2008,SEG50,0,,,,,,,,,,
2008,SEG06,1,,,,,,153,,,,
2008,SEG07,0,,,,,,,,,,
2008,SEG08,2,,,,,,157,253,,,
2008,SEG09,1,,,,,,275,,,,
2009,AEG01,2,,,,,,208,261,,,
2009,AEG10,1,,,,,,209,,,,
2009,AEG11,3,,,,,,169,224,264,,
2009,AEG12,2,,,,,,211,258,,,
2009,AEG13,2,,,,,,205,258,,,
2009,AEG14,2,,,,,,217,264,,,
2009,AEG15,3,,,,,,148,212,259,,
2009,AEG16,1,,,,,,211,,,,
2009,AEG17,2,,,,,,184,258,,,
2009,AEG18,2,,,,,,208,264,,,
2009,AEG19,0,,,,,,,,,,
2009,AEG02,3,,,,,,142,200,259,,
2009,AEG20,0,,,,,,,,,,
2009,AEG21,0,,,,,,,,,,
2009,AEG22,1,,,,,,193,,,,
2009,AEG23,2,,,,,,,,,,
2009,AEG24,2,,,,,,163,209,,,
2009,AEG25,0,,,,,,,,,,
2009,AEG26,0,,,,,,,,,,
2009,AEG27,0,,,,,,,,,,
2009,AEG28,0,,,,,,,,,,
2009,AEG29,1,,,,,,185,,,,
2009,AEG03,2,,,,,,183,251,,,
2009,AEG30,1,,,,,,209,,,,
2009,AEG31,1,,,,,,209,,,,
2009,AEG32,0,,,,,,,,,,
2009,AEG33,0,,,,,,,,,,
2009,AEG34,0,,,,,,,,,,
2009,AEG35,2,,,,,,194,264,,,
2009,AEG36,2,,,,,,202,264,,,
2009,AEG37,2,,,,,,205,254,,,
2009,AEG38,2,,,,,,208,264,,,
2009,AEG39,2,,,,,,208,254,,,
2009,AEG04,1,,,,,,177,,,,
2009,AEG40,1,,,,,,206,,,,
2009,AEG41,2,,,,,,196,246,,,
2009,AEG42,0,,,,,,,,,,
2009,AEG43,1,,,,,,58,,,,
2009,AEG44,0,,,,,,,,,,
2009,AEG45,2,,,,,,207,240,,,
2009,AEG46,0,,,,,,,,,,
2009,AEG47,0,,,,,,,,,,
2009,AEG48,0,,,,,,,,,,
2009,AEG49,0,,,,,,,,,,
2009,AEG05,1,,,,,,155,,,,
2009,AEG50,2,,,,,,216,296,,,
2009,AEG06,1,,,,,,155,,,,
2009,AEG07,0,,,,,,,,,,
2009,AEG08,1,,,,,,152,,,,
2009,AEG09,0,,,,,,,,,,
2009,HEG01,3,,,,,,144,186,251,,
2009,HEG10,1,,,,,,174,,,,
2009,HEG11,1,,,,,,174,,,,
2009,HEG12,0,,,,,,,,,,
2009,HEG13,2,,,,,,139,211,,,
2009,HEG14,1,,,,,,166,,,,
2009,HEG15,1,,,,,,149,,,,
2009,HEG16,0,,,,,,,,,,
2009,HEG17,0,,,,,,,,,,
2009,HEG18,0,,,,,,,,,,
2009,HEG19,0,,,,,,,,,,
2009,HEG02,3,,,,,,140,186,245,,
2009,HEG20,0,,,,,,,,,,
2009,HEG21,0,,,,,,,,,,
2009,HEG22,1,,,,,,191,,,,
2009,HEG23,1,,,,,,182,,,,
2009,HEG24,2,,,,,,146,,,,
2009,HEG25,1,,,,,,238,,,,
2009,HEG26,1,,,,,,174,,,,
2009,HEG27,1,,,,,,174,,,,
2009,HEG28,2,,,,,,148,242,,,
2009,HEG29,2,,,,,,148,242,,,
2009,HEG03,3,,,,,,140,186,245,,
2009,HEG30,3,,,,,,132,242,252,,
2009,HEG31,1,,,,,,145,,,,
2009,HEG32,1,,,,,,148,,,,
2009,HEG33,1,,,,,,146,,,,
2009,HEG34,1,,,,,,147,,,,
2009,HEG35,2,,,,,,166,,,,
2009,HEG36,2,,,,,,130,201,,,
2009,HEG37,2,,,,,,130,201,,,
2009,HEG38,1,,,,,,182,,,,
2009,HEG39,0,,,,,,,,,,
2009,HEG04,2,,,,,,146,,,,
2009,HEG40,0,,,,,,,,,,
2009,HEG41,0,,,,,,,,,,
2009,HEG42,0,,,,,,,,,,
2009,HEG43,0,,,,,,,,,,
2009,HEG44,0,,,,,,,,,,
2009,HEG45,0,,,,,,,,,,
2009,HEG46,0,,,,,,,,,,
2009,HEG47,1,,,,,,174,,,,
2009,HEG48,1,,,,,,174,,,,
2009,HEG49,1,,,,,,174,,,,
2009,HEG05,3,,,,,,132,265,,,
2009,HEG50,1,,,,,,174,,,,
2009,HEG06,1,,,,,,147,,,,
2009,HEG07,1,,,,,,,,,,
2009,HEG08,1,,,,,,,,,,
2009,HEG09,0,,,,,,,,,,
2009,SEG01,2,,,,,,144,258,,,
2009,SEG10,1,,,,,,152,,,,
2009,SEG11,1,,,,,,152,,,,
2009,SEG12,2,,,,,,144,258,,,
2009,SEG13,2,,,,,,173,229,,,
2009,SEG14,1,,,,,,182,,,,
2009,SEG15,1,,,,,,273,,,,
2009,SEG16,1,,,,,,273,,,,
2009,SEG17,1,,,,,,,,,,
2009,SEG18,2,,,,,,171,271,,,
2009,SEG19,0,,,,,,,,,,
2009,SEG02,2,,,,,,145,258,,,
2009,SEG20,1,,,,,,161,,,,
2009,SEG21,0,,,,,,,,,,
2009,SEG22,0,,,,,,,,,,
2009,SEG23,3,,,,,,159,196,273,,
2009,SEG24,1,,,,,,191,,,,
2009,SEG25,2,,,,,,171,268,,,
2009,SEG26,3,,,,,,159,196,273,,
2009,SEG27,1,,,,,,181,,,,
2009,SEG28,1,,,,,,181,,,,
2009,SEG29,1,,,,,,191,,,,
2009,SEG03,1,,,,,,152,,,,
2009,SEG30,2,,,,,,168,253,,,
2009,SEG31,2,,,,,,168,253,,,
2009,SEG32,2,,,,,,168,253,,,
2009,SEG33,1,,,,,,157,,,,
2009,SEG34,1,,,,,,157,,,,
2009,SEG35,1,,,,,,157,,,,
2009,SEG36,1,,,,,,,,,,
2009,SEG37,0,,,,,,,,,,
2009,SEG38,1,,,,,,166,,,,
2009,SEG39,1,,,,,,157,,,,
2009,SEG04,1,,,,,,273,,,,
2009,SEG40,0,,,,,,,,,,
2009,SEG41,1,,,,,,178,,,,
2009,SEG42,0,,,,,,,,,,
2009,SEG43,0,,,,,,,,,,
2009,SEG44,0,,,,,,,,,,
2009,SEG45,0,,,,,,,,,,
2009,SEG46,0,,,,,,,,,,
2009,SEG47,0,,,,,,,,,,
2009,SEG48,0,,,,,,,,,,
2009,SEG49,0,,,,,,,,,,
2009,SEG05,1,,,,,,273,,,,
2009,SEG50,0,,,,,,,,,,
2009,SEG06,0,,,,,,,,,,
2009,SEG07,0,,,,,,,,,,
2009,SEG08,2,,,,,,150,184,,,
2009,SEG09,0,,,,,,,,,,
2010,AEG01,2,7,,,,,175,264,,,
2010,AEG10,1,8,,,,,200,,,,
2010,AEG11,3,8,,,,,173,227,260,,
2010,AEG12,2,7,,,,,176,264,,,
2010,AEG13,2,7,,,,,178,264,,,
2010,AEG14,2,,,,,,177,275,,,
2010,AEG15,3,,,,,,155,212,253,,
2010,AEG16,2,,,,,,175,247,,,
2010,AEG17,2,,,,,,173,263,,,
2010,AEG18,2,,,,,,177,262,,,
2010,AEG19,1,7,,,,,173,,,,
2010,AEG02,3,7,,,,,158,201,263,,
2010,AEG20,0,,,,,,,,,,
2010,AEG21,1,8,,,,,162,,,,
2010,AEG22,1,,,,,,194,,,,
2010,AEG23,1,,,,,,194,,,,
2010,AEG24,2,9,,,,,158,197,,,
2010,AEG25,0,,,,,,,,,,
2010,AEG26,0,,,,,,,,,,
2010,AEG27,0,,,,,,,,,,
2010,AEG28,0,,,,,,,,,,
2010,AEG29,1,,,,,,175,,,,
2010,AEG03,2,,,,,,176,246,,,
2010,AEG30,1,,,,,,179,,,,
2010,AEG31,1,,,,,,179,,,,
2010,AEG32,0,,,,,,,,,,
2010,AEG33,0,,,,,,,,,,
2010,AEG34,0,,,,,,,,,,
2010,AEG35,2,8,,,,,175,260,,,
2010,AEG36,2,8,,,,,175,261,,,
2010,AEG37,2,7,,,,,175,264,,,
2010,AEG38,2,8,,,,,174,247,,,
2010,AEG39,2,7,,,,,175,263,,,
2010,AEG04,1,7,,,,,175,,,,
2010,AEG40,3,,,,,,155,199,266,,
2010,AEG41,2,,,,,,173,231,,,
2010,AEG42,2,,,,,,155,265,,,
2010,AEG43,0,,,,,,,,,,
2010,AEG44,0,,,,,,,,,,
2010,AEG45,2,,,,,,174,228,,,
2010,AEG46,0,,,,,,,,,,
2010,AEG47,0,,,,,,,,,,
2010,AEG48,0,,,,,,,,,,
2010,AEG49,0,,,,,,,,,,
2010,AEG05,1,7,,,,,173,,,,
2010,AEG50,2,,,,,,200,219,,,
2010,AEG06,1,7,,,,,173,,,,
2010,AEG07,0,,,,,,,,,,
2010,AEG08,1,8,,,,,189,,,,
2010,AEG09,0,,,,,,,,,,
2010,HEG01,2,8,,,,,157,265,,,
2010,HEG10,1,4,,,,,171,,,,
2010,HEG11,1,4,,,,,171,,,,
2010,HEG12,0,,,,,,,,,,
2010,HEG13,2,10,,,,,158,189,,,
2010,HEG14,2,5,,,,,152,,,,
2010,HEG15,1,5,,,,,171,,,,
2010,HEG16,0,,,,,,,,,,
2010,HEG17,0,,,,,,,,,,
2010,HEG18,0,,,,,,,,,,
2010,HEG19,0,,,,,,,,,,
2010,HEG02,3,8,,,,,148,189,264,,
2010,HEG20,0,,,,,,,,,,
2010,HEG21,0,,,,,,,,,,
2010,HEG22,2,5,,,,,150,239,,,
2010,HEG23,1,15,,,,,174,,,,
2010,HEG24,1,15,,,,,155,,,,
2010,HEG25,0,,,,,,,,,,
2010,HEG26,2,4,,,,,164,293,,,
2010,HEG27,1,6,,,,,168,,,,
2010,HEG28,1,8,,,,,156,,,,
2010,HEG29,1,8,,,,,156,,,,
2010,HEG03,3,8,,,,,148,189,264,,
2010,HEG30,3,3,,,,,148,182,263,,
2010,HEG31,1,5,,,,,163,,,,
2010,HEG32,1,6,,,,,168,,,,
2010,HEG33,1,8,,,,,152,,,,
2010,HEG34,1,5,,,,,141,,,,
2010,HEG35,1,5,,,,,182,,,,
2010,HEG36,1,5,,,,,147,,,,
2010,HEG37,1,5,,,,,147,,,,
2010,HEG38,1,5,,,,,182,,,,
2010,HEG39,0,,,,,,,,,,
2010,HEG04,1,8,,,,,152,,,,
2010,HEG40,0,,,,,,,,,,
2010,HEG41,0,,,,,,,,,,
2010,HEG42,0,,,,,,,,,,
2010,HEG43,1,,,,,,,,,,
2010,HEG44,0,,,,,,,,,,
2010,HEG45,0,,,,,,,,,,
2010,HEG46,0,,,,,,,,,,
2010,HEG47,2,4,,,,,164,293,,,
2010,HEG48,1,,,,,,91,,,,
2010,HEG49,2,4,,,,,164,244,,,
2010,HEG05,3,3,,,,,149,183,273,,
2010,HEG50,1,4,,,,,171,,,,
2010,HEG06,1,5,,,,,141,,,,
2010,HEG07,0,,,,,,,,,,
2010,HEG08,0,,,,,,,,,,
2010,HEG09,0,,,,,,,,,,
2010,SEG01,3,,,,,,165,224,289,,
2010,SEG10,2,10,,,,,167,289,,,
2010,SEG11,2,10,,,,,167,289,,,
2010,SEG12,3,10,,,,,165,224,289,,
2010,SEG13,2,,,,,,183,249,,,
2010,SEG14,0,,,,,,,,,,
2010,SEG15,2,,,,,,166,288,,,
2010,SEG16,1,,,,,,175,,,,
2010,SEG17,0,,,,,,,,,,
2010,SEG18,2,,,,,,153,274,,,
2010,SEG19,1,,,,,,161,,,,
2010,SEG02,1,10,,,,,166,,,,
2010,SEG20,1,,,,,,156,,,,
2010,SEG21,0,,,,,,,,,,
2010,SEG22,0,,,,,,,,,,
2010,SEG23,2,,,,,,161,288,,,
2010,SEG24,1,,,,,,182,,,,
2010,SEG25,2,,,,,,162,256,,,
2010,SEG26,2,,,,,,161,288,,,
2010,SEG27,1,,,,,,212,,,,
2010,SEG28,1,,,,,,181,,,,
2010,SEG29,1,,,,,,189,,,,
2010,SEG03,2,10,,,,,167,289,,,
2010,SEG30,2,,,,,,175,277,,,
2010,SEG31,2,,,,,,175,277,,,
2010,SEG32,2,,,,,,175,277,,,
2010,SEG33,0,,,,,,,,,,
2010,SEG34,0,,,,,,,,,,
2010,SEG35,1,,,,,,161,,,,
2010,SEG36,0,,,,,,,,,,
2010,SEG37,1,,,,,,183,,,,
2010,SEG38,1,,,,,,152,,,,
2010,SEG39,1,,,,,,190,,,,
2010,SEG04,1,,,,,,177,,,,
2010,SEG40,0,,,,,,,,,,
2010,SEG41,0,,,,,,,,,,
2010,SEG42,0,,,,,,,,,,
2010,SEG43,0,,,,,,,,,,
2010,SEG44,0,,,,,,,,,,
2010,SEG45,0,,,,,,,,,,
2010,SEG46,0,,,,,,,,,,
2010,SEG47,1,,,,,,202,,,,
2010,SEG48,0,,,,,,,,,,
2010,SEG49,0,,,,,,,,,,
2010,SEG05,2,,,,,,166,288,,,
2010,SEG50,0,,,,,,,,,,
2010,SEG06,0,,,,,,,,,,
2010,SEG07,0,,,,,,,,,,
2010,SEG08,1,,,,,,155,,,,
2010,SEG09,0,,,,,,,,,,
2011,AEG01,2,7,,,,,182,257,,,
2011,AEG10,1,8,,,,,222,,,,
2011,AEG11,3,8,,,,,117,175,265,,
2011,AEG12,2,7,,,,,210,264,,,
2011,AEG13,2,7,,,,,210,271,,,
2011,AEG14,2,7,,,,,207,257,,,
2011,AEG15,3,,,,,,143,212,272,,
2011,AEG16,1,,,,,,152,,,,
2011,AEG17,2,8,,,,,154,257,,,
2011,AEG18,2,7,,,,,211,257,,,
2011,AEG19,1,7,,,,,175,,,,
2011,AEG02,3,7,,,,,154,210,264,,
2011,AEG20,0,,,,,,,,,,
2011,AEG21,0,,,,,,,,,,
2011,AEG22,1,7,,,,,185,,,,
2011,AEG23,2,8,,,,,175,232,,,
2011,AEG24,2,9,,,,,143,185,,,
2011,AEG25,0,,,,,,,,,,
2011,AEG26,0,,,,,,,,,,
2011,AEG27,0,,,,,,,,,,
2011,AEG28,0,,,,,,,,,,
2011,AEG29,1,,,,,,182,,,,
2011,AEG03,2,8,,,,,211,257,,,
2011,AEG30,1,,,,,,211,,,,
2011,AEG31,1,,,,,,211,,,,
2011,AEG32,0,,,,,,,,,,
2011,AEG33,0,,,,,,,,,,
2011,AEG34,1,,,,,,176,,,,
2011,AEG35,2,8,,,,,175,244,,,
2011,AEG36,2,8,,,,,175,254,,,
2011,AEG37,3,7,,,,,175,231,273,,
2011,AEG38,2,6,,,,,228,274,,,
2011,AEG39,3,7,,,,,175,231,273,,
2011,AEG04,1,7,,,,,210,,,,
2011,AEG40,3,0,,,,,143,210,264,,
2011,AEG41,3,0,,,,,176,227,273,,
2011,AEG42,2,0,,,,,137,211,,,
2011,AEG43,0,0,,,,,,,,,
2011,AEG44,0,,,,,,,,,,
2011,AEG45,3,,,,,,183,232,269,,
2011,AEG46,0,,,,,,,,,,
2011,AEG47,0,,,,,,,,,,
2011,AEG48,0,,,,,,,,,,
2011,AEG49,0,,,,,,,,,,
2011,AEG05,1,7,,,,,143,,,,
2011,AEG50,2,,,,,,229,289,,,
2011,AEG06,1,7,,,,,175,,,,
2011,AEG07,0,,,,,,,,,,
2011,AEG08,1,8,,,,,222,,,,
2011,AEG09,0,,,,,,,,,,
2011,HEG01,3,8,,,,,138,185,232,,
2011,HEG10,1,4,,,,,181,,,,
2011,HEG11,1,4,,,,,181,,,,
2011,HEG12,0,,,,,,,,,,
2011,HEG13,3,10,,,,,157,192,304,,
2011,HEG14,1,5,,,,,191,,,,
2011,HEG15,2,5,,,,,136,213,,,
2011,HEG16,0,,,,,,,,,,
2011,HEG17,0,,,,,,,,,,
2011,HEG18,0,,,,,,,,,,
2011,HEG19,0,,,,,,,,,,
2011,HEG02,3,8,,,,,137,180,240,,
2011,HEG20,0,,,,,,,,,,
2011,HEG21,0,,,,,,,,,,
2011,HEG22,2,5,,,,,145,232,,,
2011,HEG23,2,15,,,,,145,253,,,
2011,HEG24,2,15,,,,,145,207,,,
2011,HEG25,1,5,,,,,182,,,,
2011,HEG26,1,4,,,,,181,,,,
2011,HEG27,2,5,,,,,154,232,,,
2011,HEG28,2,8,,,,,148,258,,,
2011,HEG29,2,8,,,,,148,258,,,
2011,HEG03,3,8,,,,,137,180,240,,
2011,HEG30,2,4,,,,,139,212,,,
2011,HEG31,2,5,,,,,144,216,,,
2011,HEG32,1,5,,,,,154,,,,
2011,HEG33,1,8,,,,,144,,,,
2011,HEG34,2,5,,,,,153,230,,,
2011,HEG35,1,5,,,,,153,,,,
2011,HEG36,2,5,,,,,130,186,,,
2011,HEG37,2,5,,,,,130,186,,,
2011,HEG38,0,,,,,,,,,,
2011,HEG39,1,,,,,,196,,,,
2011,HEG04,2,8,,,,,134,254,,,
2011,HEG40,0,,,,,,,,,,
2011,HEG41,0,,,,,,,,,,
2011,HEG42,0,,,,,,,,,,
2011,HEG43,0,,,,,,,,,,
2011,HEG44,0,,,,,,,,,,
2011,HEG45,0,,,,,,,,,,
2011,HEG46,0,,,,,,,,,,
2011,HEG47,1,4,,,,,181,,,,
2011,HEG48,1,4,,,,,181,,,,
2011,HEG49,2,4,,,,,181,256,,,
2011,HEG05,2,4,,,,,139,177,258,,
2011,HEG50,1,4,,,,,181,,,,
2011,HEG06,2,5,,,,,153,230,,,
2011,HEG07,1,4,,,,,258,,,,
2011,HEG08,0,,,,,,,,,,
2011,HEG09,0,,,,,,,,,,
2011,SEG01,2,10,,,,,166,305,,,
2011,SEG10,2,10,,,,,150,263,,,
2011,SEG11,2,10,,,,,150,263,,,
2011,SEG12,2,10,,,,,166,305,,,
2011,SEG13,2,,,,,,179,232,,,
2011,SEG14,0,,,,,,,,,,
2011,SEG15,2,,,,,,,,,,
2011,SEG16,1,,,,,,,,,,
2011,SEG17,1,,,,,,163,,,,
2011,SEG18,2,10,,,,,156,288,,,
2011,SEG19,0,,,,,,,,,,
2011,SEG02,1,10,,,,,157,,,,
2011,SEG20,0,,,,,,,,,,
2011,SEG21,0,,,,,,,,,,
2011,SEG22,0,,,,,,,,,,
2011,SEG23,2,,,,,,,,,,
2011,SEG24,1,,,,,,232,,,,
2011,SEG25,2,,,,,,164,269,,,
2011,SEG26,1,,,,,,,,,,
2011,SEG27,1,,,,,,163,,,,
2011,SEG28,1,,,,,,186,,,,
2011,SEG29,1,,,,,,232,,,,
2011,SEG03,3,10,,,,,144,188,263,,
2011,SEG30,2,10,,,,,186,279,,,
2011,SEG31,2,10,,,,,186,279,,,
2011,SEG32,2,10,,,,,186,279,,,
2011,SEG33,0,,,,,,,,,,
2011,SEG34,0,,,,,,,,,,
2011,SEG35,0,,,,,,,,,,
2011,SEG36,0,,,,,,,,,,
2011,SEG37,0,,,,,,,,,,
2011,SEG38,1,,,,,,206,,,,
2011,SEG39,1,,,,,,167,,,,
2011,SEG04,1,,,,,,,,,,
2011,SEG40,0,,,,,,,,,,
2011,SEG41,0,,,,,,,,,,
2011,SEG42,0,,,,,,,,,,
2011,SEG43,0,,,,,,,,,,
2011,SEG44,0,,,,,,,,,,
2011,SEG45,0,,,,,,,,,,
2011,SEG46,0,,,,,,,,,,
2011,SEG47,0,,,,,,,,,,
2011,SEG48,0,,,,,,,,,,
2011,SEG49,0,,,,,,,,,,
2011,SEG05,1,,,,,,,,,,
2011,SEG50,0,,,,,,,,,,
2011,SEG06,0,,,,,,,,,,
2011,SEG07,0,,,,,,,,,,
2011,SEG08,1,,,,,,,,,,
2011,SEG09,0,,,,,,,,,,
2012,AEG01,2,7,,,,,179,228,,,
2012,AEG10,1,8,,,,,204,,,,
2012,AEG11,3,8,,,,,132,173,262,,
2012,AEG12,3,7,,,,,179,228,303,,
2012,AEG13,2,7,,,,,178,238,,,
2012,AEG14,2,7,,,,,204,275,,,
2012,AEG15,3,,,,,,204,203,250,,
2012,AEG16,1,,,,,,167,,,,
2012,AEG17,2,8,,,,,169,261,,,
2012,AEG18,2,7,,,,,202,249,,,
2012,AEG19,1,7,,,,,209,,,,
2012,AEG02,3,7,,,,,150,180,265,,
2012,AEG20,0,,,,,,,,,,
2012,AEG21,1,8,,,,,178,,,,
2012,AEG22,1,7,,,,,198,,,,
2012,AEG23,2,8,,,,,209,231,,,
2012,AEG24,2,9,,,,,146,205,,,
2012,AEG25,0,,,,,,,,,,
2012,AEG26,0,,,,,,,,,,
2012,AEG27,0,,,,,,,,,,
2012,AEG28,0,,,,,,,,,,
2012,AEG29,1,,,,,,174,,,,
2012,AEG03,1,8,,,,,203,,,,
2012,AEG30,1,,,,,,205,,,,
2012,AEG31,1,,,,,,205,,,,
2012,AEG32,0,,,,,,,,,,
2012,AEG33,0,,,,,,,,,,
2012,AEG34,1,,,,,,170,,,,
2012,AEG35,3,8,,,,,177,220,291,,
2012,AEG36,2,8,,,,,178,226,,,
2012,AEG37,2,7,,,,,202,251,,,
2012,AEG38,2,6,,,,,205,251,,,
2012,AEG39,2,7,,,,,179,228,,,
2012,AEG04,1,7,,,,,173,,,,
2012,AEG40,2,,,,,,178,241,,,
2012,AEG41,2,,,,,,177,199,,,
2012,AEG42,2,,,,,,131,186,,,
2012,AEG43,0,,,,,,,,,,
2012,AEG44,0,,,,,,,,,,
2012,AEG45,3,,,,,,171,231,283,,
2012,AEG46,0,,,,,,,,,,
2012,AEG47,0,,,,,,,,,,
2012,AEG48,0,,,,,,,,,,
2012,AEG49,0,,,,,,,,,,
2012,AEG05,1,7,,,,,179,,,,
2012,AEG50,2,,,,,,203,275,,,
2012,AEG06,1,7,,,,,173,,,,
2012,AEG07,0,,,,,,,,,,
2012,AEG08,1,8,,,,,150,,,,
2012,AEG09,0,,,,,,,,,,
2012,HEG01,2,8,,,,,143,206,,,
2012,HEG10,1,4,,,,,212,,,,
2012,HEG11,1,4,,,,,212,,,,
2012,HEG12,0,,,,,,,,,,
2012,HEG13,3,10,,,,,143,205,304,,
2012,HEG14,1,5,,,,,206,,,,
2012,HEG15,2,5,,,,,140,213,,,
2012,HEG16,0,,,,,,,,,,
2012,HEG17,0,,,,,,,,,,
2012,HEG18,0,,,,,,,,,,
2012,HEG19,0,,,,,,,,,,
2012,HEG02,1,8,,,,,206,,,,
2012,HEG20,0,,,,,,,,,,
2012,HEG21,0,,,,,,,,,,
2012,HEG22,2,5,,,,,151,202,,,
2012,HEG23,1,15,,,,,202,,,,
2012,HEG24,2,15,,,,,163,228,,,
2012,HEG25,1,5,,,,,215,,,,
2012,HEG26,1,4,,,,,176,,,,
2012,HEG27,2,5,,,,,172,235,,,
2012,HEG28,2,8,,,,,166,254,,,
2012,HEG29,2,8,,,,,166,254,,,
2012,HEG03,2,8,,,,,143,206,,,
2012,HEG30,2,4,,,,,144,192,,,
2012,HEG31,1,5,,,,,182,,,,
2012,HEG32,1,5,,,,,167,,,,
2012,HEG33,1,8,,,,,151,,,,
2012,HEG34,2,5,,,,,139,188,,,
2012,HEG35,1,5,,,,,139,,,,
2012,HEG36,2,5,,,,,139,205,,,
2012,HEG37,2,5,,,,,139,206,,,
2012,HEG38,0,,,,,,,,,,
2012,HEG39,1,15,,,,,171,,,,
2012,HEG04,2,8,,,,,151,202,,,
2012,HEG40,0,,,,,,,,,,
2012,HEG41,0,,,,,,,,,,
2012,HEG42,0,,,,,,,,,,
2012,HEG43,1,,,,,,228,,,,
2012,HEG44,1,,,,,,150,,,,
2012,HEG45,0,,,,,,,,,,
2012,HEG46,0,,,,,,,,,,
2012,HEG47,2,4,,,,,177,228,,,
2012,HEG48,2,4,,,,,151,245,,,
2012,HEG49,1,4,,,,,198,,,,
2012,HEG05,1,4,,,,,145,,,,
2012,HEG50,1,4,,,,,214,,,,
2012,HEG06,2,5,,,,,139,188,,,
2012,HEG07,0,,,,,,,,,,
2012,HEG08,0,,,,,,,,,,
2012,HEG09,0,,,,,,,,,,
2012,SEG01,2,10,,,,,155,249,,,
2012,SEG10,1,10,,,,,170,,,,
2012,SEG11,1,10,,,,,170,,,,
2012,SEG12,2,10,,,,,155,249,,,
2012,SEG13,2,10,,,,,177,268,,,
2012,SEG14,1,10,,,,,170,,,,
2012,SEG15,2,,,,,,137,202,,,
2012,SEG16,1,,,,,,171,,,,
2012,SEG17,2,,,,,,165,229,,,
2012,SEG18,2,10,,,,,167,230,,,
2012,SEG19,1,,,,,,140,,,,
2012,SEG02,2,10,,,,,156,256,,,
2012,SEG20,0,,,,,,,,,,
2012,SEG21,0,,,,,,,,,,
2012,SEG22,0,,,,,,,,,,
2012,SEG23,3,,,,,,137,200,315,,
2012,SEG24,1,,,,,,229,,,,
2012,SEG25,2,,,,,,141,222,,,
2012,SEG26,3,,,,,,137,200,315,,
2012,SEG27,1,10,,,,,212,,,,
2012,SEG28,2,,,,,,157,247,,,
2012,SEG29,1,,,,,,229,,,,
2012,SEG03,2,10,,,,,170,318,,,
2012,SEG30,2,10,,,,,161,264,,,
2012,SEG31,2,10,,,,,161,264,,,
2012,SEG32,2,10,,,,,161,264,,,
2012,SEG33,0,,,,,,,,,,
2012,SEG34,0,,,,,,,,,,
2012,SEG35,0,,,,,,,,,,
2012,SEG36,0,,,,,,,,,,
2012,SEG37,0,,,,,,,,,,
2012,SEG38,1,10,,,,,212,,,,
2012,SEG39,0,,,,,,,,,,
2012,SEG04,0,,,,,,,,,,
2012,SEG40,0,,,,,,,,,,
2012,SEG41,0,,,,,,,,,,
2012,SEG42,0,,,,,,,,,,
2012,SEG43,0,,,,,,,,,,
2012,SEG44,0,,,,,,,,,,
2012,SEG45,0,,,,,,,,,,
2012,SEG46,0,,,,,,,,,,
2012,SEG47,0,,,,,,,,,,
2012,SEG48,0,,,,,,,,,,
2012,SEG49,0,,,,,,,,,,
2012,SEG05,2,,,,,,139,201,,,
2012,SEG50,0,,,,,,,,,,
2012,SEG06,0,,,,,,,,,,
2012,SEG07,0,,,,,,,,,,
2012,SEG08,2,,,,,,137,200,,,
2012,SEG09,0,,,,,,,,,,
2013,AEG01,2,7,,,,,187,275,,,
2013,AEG10,1,8,,,,,208,,,,
2013,AEG11,3,8,,,,,165,203,263,,
2013,AEG12,2,7,,,,,187,140,,,
2013,AEG13,2,7,,,,,165,265,,,
2013,AEG14,2,7,,,,,186,258,,,
2013,AEG15,3,4,,,,,154,197,246,,
2013,AEG16,1,,,,,,165,,,,
2013,AEG17,2,8,,,,,165,268,,,
2013,AEG18,3,7,,,,,165,200,267,,
2013,AEG19,0,,,,,,,,,,
2013,AEG02,2,7,,,,,196,274,,,
2013,AEG20,0,,,,,,,,,,
2013,AEG21,0,,,,,,,,,,
2013,AEG22,1,7,,,,,184,,,,
2013,AEG23,2,8,,,,,165,268,,,
2013,AEG24,2,9,,,,,155,193,,,
2013,AEG25,0,,,,,,,,,,
2013,AEG26,0,,,,,,,,,,
2013,AEG27,0,,,,,,,,,,
2013,AEG28,0,,,,,,,,,,
2013,AEG29,2,,,,,,187,322,,,
2013,AEG03,2,8,,,,,166,265,,,
2013,AEG30,1,,,,,,188,,,,
2013,AEG31,1,,,,,,189,,,,
2013,AEG32,0,,,,,,,,,,
2013,AEG33,0,,,,,,,,,,
2013,AEG34,1,,,,,,185,,,,
2013,AEG35,2,8,,,,,168,263,,,
2013,AEG36,2,8,,,,,169,242,,,
2013,AEG37,2,7,,,,,190,234,,,
2013,AEG38,2,6,,,,,166,245,,,
2013,AEG39,2,7,,,,,165,245,,,
2013,AEG04,1,7,,,,,165,,,,
2013,AEG40,3,,,,,,155,199,246,,
2013,AEG41,3,7,,,,,135,225,270,,
2013,AEG42,1,,,,,,241,,,,
2013,AEG43,2,,,,,,186,291,,,
2013,AEG44,0,,,,,,,,,,
2013,AEG45,2,7,,,,,187,269,,,
2013,AEG46,0,,,,,,,,,,
2013,AEG47,0,,,,,,,,,,
2013,AEG48,0,,,,,,,,,,
2013,AEG49,0,,,,,,,,,,
2013,AEG05,1,7,,,,,165,,,,
2013,AEG50,2,,,,,,188,233,,,
2013,AEG06,1,7,,,,,165,,,,
2013,AEG07,0,,,,,,,,,,
2013,AEG08,1,8,,,,,212,,,,
2013,AEG09,0,,,,,,,,,,
2013,HEG01,2,8,,,,,159,199,,,
2013,HEG10,1,4,,,,,171,,,,
2013,HEG11,1,4,,,,,178,,,,
2013,HEG12,0,,,,,,,,,,
2013,HEG13,2,10,,,,,156,204,,,
2013,HEG14,2,5,,,,,162,237,,,
2013,HEG15,1,5,,,,,162,,,,
2013,HEG16,0,,,,,,,,,,
2013,HEG17,0,,,,,,,,,,
2013,HEG18,1,,,,,,288,,,,
2013,HEG19,0,,,,,,,,,,
2013,HEG02,1,8,,,,,181,,,,
2013,HEG20,0,,,,,,,,,,
2013,HEG21,0,,,,,,,,,,
2013,HEG22,2,5,,,,,148,211,,,
2013,HEG23,1,15,,,,,189,,,,
2013,HEG24,1,15,,,,,185,,,,
2013,HEG25,1,5,,,,,237,,,,
2013,HEG26,1,4,,,,,171,,,,
2013,HEG27,1,5,,,,,157,,,,
2013,HEG28,2,8,,,,,170,314,,,
2013,HEG29,2,8,,,,,170,314,,,
2013,HEG03,2,8,,,,,165,200,,,
2013,HEG30,3,4,,,,,154,189,246,,
2013,HEG31,2,5,,,,,166,334,,,
2013,HEG32,1,5,,,,,156,,,,
2013,HEG33,2,8,,,,,156,203,,,
2013,HEG34,2,5,,,,,153,214,,,
2013,HEG35,1,5,,,,,153,,,,
2013,HEG36,2,5,,,,,158,203,,,
2013,HEG37,2,5,,,,,158,203,,,
2013,HEG38,0,,,,,,,,,,
2013,HEG39,0,,,,,,,,,,
2013,HEG04,2,8,,,,,156,203,,,
2013,HEG40,0,,,,,,,,,,
2013,HEG41,0,,,,,,,,,,
2013,HEG42,0,,,,,,,,,,
2013,HEG43,1,,,,,,227,,,,
2013,HEG44,0,,,,,,,,,,
2013,HEG45,0,,,,,,,,,,
2013,HEG46,0,,,,,,,,,,
2013,HEG47,2,4,,,,,171,227,,,
2013,HEG48,1,4,,,,,169,,,,
2013,HEG49,2,4,,,,,164,274,,,
2013,HEG05,2,4,,,,,155,190,,,
2013,HEG50,1,4,,,,,179,,,,
2013,HEG06,2,5,,,,,153,214,,,
2013,HEG07,0,,,,,,,,,,
2013,HEG08,0,,,,,,,,,,
2013,HEG09,0,,,,,,,,,,
2013,SEG01,2,10,,,,,163,305,,,
2013,SEG10,1,10,,,,,178,,,,
2013,SEG11,1,10,,,,,178,,,,
2013,SEG12,2,10,,,,,163,305,,,
2013,SEG13,3,10,,,,,175,217,248,,
2013,SEG14,1,10,,,,,177,,,,
2013,SEG15,2,,,,,,,,,,
2013,SEG16,0,,,,,,,,,,
2013,SEG17,2,,,,,,164,232,,,
2013,SEG18,2,10,,,,,186,252,,,
2013,SEG19,1,,,,,,,,,,
2013,SEG02,2,10,,,,,163,305,,,
2013,SEG20,0,0,,,,,,,,,
2013,SEG21,0,,,,,,,,,,
2013,SEG22,0,,,,,,,,,,
2013,SEG23,2,,,,,,,,,,
2013,SEG24,1,,,,,,206,,,,
2013,SEG25,2,,,,,,164,263,,,
2013,SEG26,2,,,,,,,,,,
2013,SEG27,1,10,,,,,181,,,,
2013,SEG28,2,,,,,,166,206,,,
2013,SEG29,1,,,,,,206,,,,
2013,SEG03,2,10,,,,,168,305,,,
2013,SEG30,2,10,,,,,159,221,,,
2013,SEG31,2,10,,,,,159,221,,,
2013,SEG32,2,10,,,,,159,221,,,
2013,SEG33,0,,,,,,,,,,
2013,SEG34,0,,,,,,,,,,
2013,SEG35,2,10,,,,,161,192,,,
2013,SEG36,0,,,,,,,,,,
2013,SEG37,0,,,,,,,,,,
2013,SEG38,1,10,,,,,178,,,,
2013,SEG39,0,,,,,,,,,,
2013,SEG04,0,,,,,,,,,,
2013,SEG40,0,,,,,,,,,,
2013,SEG41,0,,,,,,,,,,
2013,SEG42,0,,,,,,,,,,
2013,SEG43,0,,,,,,,,,,
2013,SEG44,0,,,,,,,,,,
2013,SEG45,0,,,,,,,,,,
2013,SEG46,0,,,,,,,,,,
2013,SEG47,0,,,,,,,,,,
2013,SEG48,0,,,,,,,,,,
2013,SEG49,0,,,,,,,,,,
2013,SEG05,1,,,,,,,,,,
2013,SEG50,0,,,,,,,,,,
2013,SEG06,0,,,,,,,,,,
2013,SEG07,0,,,,,,,,,,
2013,SEG08,0,,,,,,,,,,
2013,SEG09,0,,,,,,,,,,
2014,AEG01,3,7,,,,,164,230,272,,
2014,AEG10,0,,,,,,,,,,
2014,AEG11,4,8,,,,,140,202,245,300,
2014,AEG12,3,7,,,,,164,220,272,,
2014,AEG13,3,7,,,,,156,220,283,,
2014,AEG14,2,7,,,,,172,266,,,
2014,AEG15,3,4,,,,,135,175,252,,
2014,AEG16,1,,,,,,172,,,,
2014,AEG17,2,8,,,,,150,256,,,
2014,AEG18,3,7,,,,,156,198,266,,
2014,AEG19,0,,,,,,,,,,
2014,AEG02,3,7,,,,,150,209,270,,
2014,AEG20,0,,,,,,,,,,
2014,AEG21,1,7,,,,,143,,,,
2014,AEG22,1,7,,,,,196,,,,
2014,AEG23,2,8,,,,,150,256,,,
2014,AEG24,3,9,,,,,137,196,257,,
2014,AEG25,0,,,,,,,,,,
2014,AEG26,0,,,,,,,,,,
2014,AEG27,0,,,,,,,,,,
2014,AEG28,0,,,,,,,,,,
2014,AEG29,1,,,,,,196,,,,
2014,AEG03,2,8,,,,,156,256,,,
2014,AEG30,2,,,,,,174,244,,,
2014,AEG31,1,,,,,,174,,,,
2014,AEG32,0,,,,,,,,,,
2014,AEG33,0,,,,,,,,,,
2014,AEG34,1,,,,,,164,,,,
2014,AEG35,3,8,,,,,157,229,284,,
2014,AEG36,3,8,,,,,157,229,284,,
2014,AEG37,2,7,,,,,164,232,,,
2014,AEG38,2,5,,,,,172,260,,,
2014,AEG39,2,7,,,,,156,267,,,
2014,AEG04,1,7,,,,,155,,,,
2014,AEG40,2,0,,,,,156,267,,,
2014,AEG41,2,7,,,,,156,247,,,
2014,AEG42,3,,,,,,139,183,240,,
2014,AEG43,2,7,,,,,137,276,,,
2014,AEG44,0,,,,,,,,,,
2014,AEG45,2,7,,,,,156,248,,,
2014,AEG46,0,,,,,,,,,,
2014,AEG47,0,,,,,,,,,,
2014,AEG48,0,,,,,,,,,,
2014,AEG49,0,,,,,,,,,,
2014,AEG05,1,7,,,,,156,,,,
2014,AEG50,2,,,,,,259,270,,,
2014,AEG06,1,7,,,,,156,,,,
2014,AEG07,0,,,,,,,,,,
2014,AEG08,1,8,,,,,164,,,,
2014,AEG09,0,,,,,,,,,,
2014,HEG01,3,8,,,,,132,172,221,,
2014,HEG10,2,4,,,,,158,327,,,
2014,HEG11,1,4,,,,,162,,,,
2014,HEG12,1,,,,,,196,,,,
2014,HEG13,2,10,,,,,144,213,,,
2014,HEG14,2,5,,,,,159,258,,,
2014,HEG15,1,5,,,,,141,,,,
2014,HEG16,0,,,,,,,,,,
2014,HEG17,0,,,,,,,,,,
2014,HEG18,0,,,,,,,,,,
2014,HEG19,0,,,,,,,,,,
2014,HEG02,1,,,,,,90,,,,
2014,HEG20,0,,,,,,,,,,
2014,HEG21,0,,,,,,,,,,
2014,HEG22,2,5,,,,,135,196,,,
2014,HEG23,1,15,,,,,199,,,,
2014,HEG24,1,15,,,,,183,,,,
2014,HEG25,1,5,,,,,150,,,,
2014,HEG26,1,4,,,,,155,,,,
2014,HEG27,2,5,,,,,157,258,,,
2014,HEG28,2,8,,,,,138,,,,
2014,HEG29,2,8,,,,,138,,,,
2014,HEG03,4,8,,,,,130,171,221,274,
2014,HEG30,2,4,,,,,140,246,,,
2014,HEG31,2,5,,,,,138,227,,,
2014,HEG32,1,5,,,,,157,,,,
2014,HEG33,1,8,,,,,161,,,,
2014,HEG34,3,5,,,,,133,182,216,,
2014,HEG35,1,,,,,,258,,,,
2014,HEG36,3,5,,,,,125,196,246,,
2014,HEG37,2,5,,,,,126,196,,,
2014,HEG38,0,,,,,,,,,,
2014,HEG39,0,,,,,,,,,,
2014,HEG04,3,8,,,,,137,184,252,,
2014,HEG40,0,,,,,,,,,,
2014,HEG41,0,,,,,,,,,,
2014,HEG42,0,,,,,,,,,,
2014,HEG43,0,,,,,,,,,,
2014,HEG44,1,,,,,,196,,,,
2014,HEG45,0,,,,,,,,,,
2014,HEG46,1,,,,,,304,,,,
2014,HEG47,1,4,,,,,155,,,,
2014,HEG48,2,4,,,,,154,305,,,
2014,HEG49,2,4,,,,,152,329,,,
2014,HEG05,2,4,,,,,138,227,,,
2014,HEG50,1,4,,,,,167,,,,
2014,HEG06,3,5,,,,,133,182,216,,
2014,HEG07,0,,,,,,,,,,
2014,HEG08,0,,,,,,,,,,
2014,HEG09,0,,,,,,,,,,
2014,SEG01,1,10,,,,,156,,,,
2014,SEG10,1,10,,,,,160,,,,
2014,SEG11,0,,,,,,,,,,
2014,SEG12,1,10,,,,,156,,,,
2014,SEG13,1,10,,,,,169,,,,
2014,SEG14,1,8,,,,,163,,,,
2014,SEG15,1,10,,,,,161,,,,
2014,SEG16,1,10,,,,,195,,,,
2014,SEG17,1,10,,,,,155,,,,
2014,SEG18,2,10,,,,,168,280,,,
2014,SEG19,2,8,,,,,169,277,,,
2014,SEG02,1,10,,,,,156,,,,
2014,SEG20,0,,,,,,,,,,
2014,SEG21,1,10,,,,,153,,,,
2014,SEG22,0,,,,,,,,,,
2014,SEG23,2,10,,,,,161,274,,,
2014,SEG24,1,10,,,,,237,,,,
2014,SEG25,2,10,,,,,154,262,,,
2014,SEG26,2,10,,,,,161,274,,,
2014,SEG27,1,10,,,,,180,,,,
2014,SEG28,1,10,,,,,233,,,,
2014,SEG29,1,10,,,,,233,,,,
2014,SEG03,1,10,,,,,160,,,,
2014,SEG30,2,10,,,,,152,319,,,
2014,SEG31,2,10,,,,,152,319,,,
2014,SEG32,2,10,,,,,152,319,,,
2014,SEG33,0,,,,,,,,,,
2014,SEG34,1,10,,,,,158,,,,
2014,SEG35,1,10,,,,,158,,,,
2014,SEG36,0,,,,,,,,,,
2014,SEG37,0,,,,,,,,,,
2014,SEG38,1,10,,,,,168,,,,
2014,SEG39,1,10,,,,,183,,,,
2014,SEG04,1,10,,,,,156,,,,
2014,SEG40,0,,,,,,,,,,
2014,SEG41,0,,,,,,,,,,
2014,SEG42,0,,,,,,,,,,
2014,SEG43,0,,,,,,,,,,
2014,SEG44,0,,,,,,,,,,
2014,SEG45,0,,,,,,,,,,
2014,SEG46,0,,,,,,,,,,
2014,SEG47,0,,,,,,,,,,
2014,SEG48,0,,,,,,,,,,
2014,SEG49,0,,,,,,,,,,
2014,SEG05,0,,,,,,,,,,
2014,SEG50,0,,,,,,,,,,
2014,SEG06,0,,,,,,,,,,
2014,SEG07,0,,,,,,,,,,
2014,SEG08,0,,,,,,,,,,
2014,SEG09,1,10,,,,,150,,,,
2015,AEG01,2,7,,,,,181,274,,,
2015,AEG10,2,8,,,,,149,245,,,
2015,AEG11,3,8,,,,,173,252,288,,
2015,AEG12,2,7,,,,,177,268,,,
2015,AEG13,2,7,,,,,177,272,,,
2015,AEG14,2,7,,,,,177,272,,,
2015,AEG15,3,4,,,,,143,165,268,,
2015,AEG16,1,4,,,,,181,,,,
2015,AEG17,2,8,,,,,175,266,,,
2015,AEG18,3,7,,,,,171,217,272,,
2015,AEG19,1,7,,,,,179,,,,
2015,AEG02,3,8,,,,,145,186,273,,
2015,AEG20,0,,,,,,,,,,
2015,AEG21,1,7,,,,,142,,,,
2015,AEG22,1,7,,,,,178,,,,
2015,AEG23,2,8,,,,,176,268,,,
2015,AEG24,2,9,,,,,173,270,,,
2015,AEG25,0,,,,,,,,,,
2015,AEG26,0,,,,,,,,,,
2015,AEG27,0,,,,,,,,,,
2015,AEG28,0,,,,,,,,,,
2015,AEG29,1,6,,,,,181,,,,
2015,AEG03,1,8,,,,,178,,,,
2015,AEG30,1,6,,,,,177,,,,
2015,AEG31,1,6,,,,,177,,,,
2015,AEG32,0,,,,,,,,,,
2015,AEG33,0,,,,,,,,,,
2015,AEG34,1,7,,,,,197,,,,
2015,AEG35,2,8,,,,,177,268,,,
2015,AEG36,2,8,,,,,177,252,,,
2015,AEG37,2,7,,,,,188,272,,,
2015,AEG38,2,5,,,,,181,269,,,
2015,AEG39,2,7,,,,,180,272,,,
2015,AEG04,1,7,,,,,177,,,,
2015,AEG40,3,4,,,,,142,195,266,,
2015,AEG41,3,6,,,,,153,197,268,,
2015,AEG42,2,7,,,,,138,1,,,
2015,AEG43,1,7,,,,,142,,,,
2015,AEG44,0,,,,,,,,,,
2015,AEG45,3,7,,,,,153,216,240,,
2015,AEG46,0,,,,,,,,,,
2015,AEG47,0,,,,,,,,,,
2015,AEG48,0,,,,,,,,,,
2015,AEG49,0,,,,,,,,,,
2015,AEG05,1,7,,,,,177,,,,
2015,AEG50,2,7,,,,,181,271,,,
2015,AEG06,1,,,,,,132,,,,
2015,AEG07,0,,,,,,,,,,
2015,AEG08,1,9,,,,,142,,,,
2015,AEG09,0,,,,,,,,,,
2015,HEG01,2,8,,,,,153,272,,,
2015,HEG10,1,4,,,,,161,,,,
2015,HEG11,1,4,,,,,167,,,,
2015,HEG12,0,,,,,,,,,,
2015,HEG13,2,10,,,,,146,194,,,
2015,HEG14,1,5,,,,,153,,,,
2015,HEG15,1,5,,,,,154,,,,
2015,HEG16,0,,,,,,,,,,
2015,HEG17,1,,,,,,182,,,,
2015,HEG18,0,,,,,,,,,,
2015,HEG19,0,,,,,,,,,,
2015,HEG02,2,8,,,,,133,245,,,
2015,HEG20,0,,,,,,,,,,
2015,HEG21,0,,,,,,,,,,
2015,HEG22,2,5,,,,,140,166,,,
2015,HEG23,1,15,,,,,155,,,,
2015,HEG24,1,,,,,,182,,,,
2015,HEG25,1,5,,,,,157,,,,
2015,HEG26,2,4,,,,,158,274,,,
2015,HEG27,1,5,,,,,176,,,,
2015,HEG28,1,8,,,,,191,,,,
2015,HEG29,1,8,,,,,191,,,,
2015,HEG03,2,8,,,,,133,245,,,
2015,HEG30,3,4,,,,,139,181,239,,
2015,HEG31,1,,,,,,191,,,,
2015,HEG32,1,5,,,,,148,,,,
2015,HEG33,1,8,,,,,138,,,,
2015,HEG34,1,5,,,,,142,,,,
2015,HEG35,1,5,,,,,142,,,,
2015,HEG36,0,,,,,,,,,,
2015,HEG37,2,5,,,,,139,195,,,
2015,HEG38,0,,,,,,,,,,
2015,HEG39,2,15,,,,,156,258,,,
2015,HEG04,2,8,,,,,139,243,,,
2015,HEG40,0,,,,,,,,,,
2015,HEG41,0,,,,,,,,,,
2015,HEG42,0,,,,,,,,,,
2015,HEG43,1,,,,,,288,,,,
2015,HEG44,1,,,,,,160,,,,
2015,HEG45,0,,,,,,,,,,
2015,HEG46,1,,,,,,181,,,,
2015,HEG47,1,4,,,,,154,,,,
2015,HEG48,2,4,,,,,157,274,,,
2015,HEG49,2,4,,,,,154,274,,,
2015,HEG05,2,4,,,,,140,305,,,
2015,HEG50,1,4,,,,,168,,,,
2015,HEG06,1,5,,,,,142,,,,
2015,HEG07,1,,,,,,305,,,,
2015,HEG08,1,,,,,,305,,,,
2015,HEG09,0,,,,,,,,,,
2015,SEG01,1,10,,,,,176,,,,
2015,SEG10,1,10,,,,,190,,,,
2015,SEG11,0,,,,,,,,,,
2015,SEG12,1,10,,,,,176,,,,
2015,SEG13,0,,,,,,,,,,
2015,SEG14,1,8,,,,,160,273,,,
2015,SEG15,1,,,,,,314,,,,
2015,SEG16,0,,,,,,,,,,
2015,SEG17,1,10,,,,,261,,,,
2015,SEG18,2,10,,,,,174,253,,,
2015,SEG19,0,,,,,,,,,,
2015,SEG02,1,10,,,,,173,,,,
2015,SEG20,1,10,,,,,153,,,,
2015,SEG21,0,,,,,,,,,,
2015,SEG22,0,,,,,,,,,,
2015,SEG23,2,10,,,,,166,222,,,
2015,SEG24,1,10,,,,,171,,,,
2015,SEG25,2,10,,,,,153,263,,,
2015,SEG26,2,10,,,,,166,222,,,
2015,SEG27,2,10,,,,,182,271,,,
2015,SEG28,1,10,,,,,192,,,,
2015,SEG29,1,10,,,,,190,,,,
2015,SEG03,1,10,,,,,160,,,,
2015,SEG30,2,10,,,,,153,314,,,
2015,SEG31,2,10,,,,,153,314,,,
2015,SEG32,2,10,,,,,153,314,,,
2015,SEG33,0,,,,,,,,,,
2015,SEG34,0,,,,,,,,,,
2015,SEG35,0,,,,,,,,,,
2015,SEG36,0,,,,,,,,,,
2015,SEG37,1,,,,,,316,,,,
2015,SEG38,1,10,,,,,220,,,,
2015,SEG39,0,,,,,,,,,,
2015,SEG04,1,,,,,,321,,,,
2015,SEG40,0,,,,,,,,,,
2015,SEG41,0,,,,,,,,,,
2015,SEG42,0,,,,,,,,,,
2015,SEG43,0,,,,,,,,,,
2015,SEG44,0,,,,,,,,,,
2015,SEG45,0,,,,,,,,,,
2015,SEG46,0,,,,,,,,,,
2015,SEG47,0,,,,,,,,,,
2015,SEG48,0,,,,,,,,,,
2015,SEG49,0,,,,,,,,,,
2015,SEG05,1,,,,,,320,,,,
2015,SEG50,0,,,,,,,,,,
2015,SEG06,0,,,,,,,,,,
2015,SEG07,1,,,,,,188,,,,
2015,SEG08,1,,,,,,222,,,,
2015,SEG09,0,,,,,,,,,,
2016,AEG01,2,7,,,,,189,237,,,
2016,AEG10,1,8,,,,,201,,,,
2016,AEG11,2,8,,,,,205,257,,,
2016,AEG12,2,7,,,,,186,237,,,
2016,AEG13,2,7,,,,,186,246,,,
2016,AEG14,2,7,,,,,186,236,,,
2016,AEG15,3,4,,,,,147,200,246,,
2016,AEG16,1,4,,,,,186,,,,
2016,AEG17,2,8,,,,,174,265,,,
2016,AEG18,3,7,,,,,186,221,276,,
2016,AEG19,1,7,,,,,186,,,,
2016,AEG02,3,9,,,,,208,203,258,,
2016,AEG20,0,,,,,,,,,,
2016,AEG21,1,7,,,,,159,,,,
2016,AEG22,1,7,,,,,186,,,,
2016,AEG23,2,8,,,,,186,265,,,
2016,AEG24,3,9,,,,,146,185,226,,
2016,AEG25,0,,,,,,,,,,
2016,AEG26,0,,,,,,,,,,
2016,AEG27,0,,,,,,,,,,
2016,AEG28,0,,,,,,,,,,
2016,AEG29,1,6,,,,,202,,,,
2016,AEG03,2,8,,,,,186,259,,,
2016,AEG30,1,5,,,,,198,,,,
2016,AEG31,1,5,,,,,198,,,,
2016,AEG32,0,,,,,,,,,,
2016,AEG33,0,,,,,,,,,,
2016,AEG34,1,5,,,,,244,,,,
2016,AEG35,2,6,,,,,186,242,,,
2016,AEG36,2,6,,,,,186,257,,,
2016,AEG37,2,7,,,,,189,246,,,
2016,AEG38,2,5,,,,,189,235,,,
2016,AEG39,2,7,,,,,187,246,,,
2016,AEG04,1,7,,,,,183,,,,
2016,AEG40,3,4,,,,,148,201,258,,
2016,AEG41,2,7,,,,,179,225,,,
2016,AEG42,3,7,,,,,148,195,240,,
2016,AEG43,1,7,,,,,175,,,,
2016,AEG44,0,,,,,,,,,,
2016,AEG45,3,7,,,,,186,225,271,,
2016,AEG46,0,,,,,,,,,,
2016,AEG47,0,,,,,,,,,,
2016,AEG48,0,,,,,,,,,,
2016,AEG49,0,,,,,,,,,,
2016,AEG05,0,,,,,,,,,,
2016,AEG50,3,7,,,,,186,228,271,,
2016,AEG06,1,7,,,,,186,,,,
2016,AEG07,0,,,,,,,,,,
2016,AEG08,1,9,,,,,160,,,,
2016,AEG09,0,,,,,,,,,,
2016,HEG01,2,8,,,,,140,189,,,
2016,HEG10,1,4,,,,,181,,,,
2016,HEG11,1,4,,,,,181,,,,
2016,HEG12,1,,,,,,213,,,,
2016,HEG13,3,10,,,,,144,186,298,,
2016,HEG14,1,5,,,,,173,,,,
2016,HEG15,1,5,,,,,180,,,,
2016,HEG16,0,,,,,,,,,,
2016,HEG17,0,,,,,,,,,,
2016,HEG18,1,,,,,,214,,,,
2016,HEG19,0,,,,,,,,,,
2016,HEG02,2,8,,,,,139,189,,,
2016,HEG20,1,,,,,,,,,,
2016,HEG21,1,,,,,,214,,,,
2016,HEG22,2,5,,,,,141,192,,,
2016,HEG23,1,15,,,,,171,,,,
2016,HEG24,1,10,,,,,215,,,,
2016,HEG25,1,5,,,,,192,,,,
2016,HEG26,1,4,,,,,171,,,,
2016,HEG27,1,5,,,,,167,,,,
2016,HEG28,1,8,,,,,191,,,,
2016,HEG29,2,8,,,,,191,310,,,
2016,HEG03,3,8,,,,,139,189,252,,
2016,HEG30,3,4,,,,,157,192,243,,
2016,HEG31,1,,,,,,266,,,,
2016,HEG32,1,5,,,,,153,,,,
2016,HEG33,2,8,,,,,141,185,,,
2016,HEG34,2,5,,,,,159,220,,,
2016,HEG35,1,5,,,,,159,,,,
2016,HEG36,0,,,,,,,,,,
2016,HEG37,2,5,,,,,138,190,,,
2016,HEG38,0,,,,,,,,,,
2016,HEG39,1,15,,,,,162,,,,
2016,HEG04,2,8,,,,,141,185,,,
2016,HEG40,0,,,,,,,,,,
2016,HEG41,1,,,,,,365,,,,
2016,HEG42,0,,,,,,,,,,
2016,HEG43,0,,,,,,,,,,
2016,HEG44,0,,,,,,,,,,
2016,HEG45,1,,,,,,259,,,,
2016,HEG46,1,15,,,,,186,,,,
2016,HEG47,1,4,,,,,179,,,,
2016,HEG48,1,4,,,,,191,,,,
2016,HEG49,2,4,,,,,179,308,,,
2016,HEG05,3,4,,,,,159,193,244,,
2016,HEG50,1,4,,,,,169,,,,
2016,HEG06,2,5,,,,,159,219,,,
2016,HEG07,0,,,,,,,,,,
2016,HEG08,0,,,,,,,,,,
2016,HEG09,1,,,,,,365,,,,
2016,SEG01,2,10,,,,,160,254,,,
2016,SEG10,1,10,,,,,172,,,,
2016,SEG11,1,10,,,,,172,,,,
2016,SEG12,2,10,,,,,160,254,,,
2016,SEG13,2,10,,,,,177,235,,,
2016,SEG14,2,8,,,,,172,230,,,
2016,SEG15,1,10,,,,,211,,,,
2016,SEG16,0,,,,,,,,,,
2016,SEG17,1,,,,,,201,,,,
2016,SEG18,1,10,,,,,183,,,,
2016,SEG19,1,,,,,,302,,,,
2016,SEG02,1,10,,,,,158,,,,
2016,SEG20,0,,,,,,,,,,
2016,SEG21,0,,,,,,,,,,
2016,SEG22,0,,,,,,,,,,
2016,SEG23,2,10,,,,,181,237,,,
2016,SEG24,1,,,,,,329,,,,
2016,SEG25,2,10,,,,,159,259,,,
2016,SEG26,2,10,,,,,181,237,,,
2016,SEG27,1,10,,,,,188,,,,
2016,SEG28,1,10,,,,,241,,,,
2016,SEG29,0,,,,,,,,,,
2016,SEG03,1,10,,,,,172,,,,
2016,SEG30,1,10,,,,,183,,,,
2016,SEG31,1,10,,,,,183,,,,
2016,SEG32,1,10,,,,,183,,,,
2016,SEG33,0,,,,,,,,,,
2016,SEG34,1,,,,,,193,,,,
2016,SEG35,0,,,,,,,,,,
2016,SEG36,1,,,,,,224,,,,
2016,SEG37,0,,,,,,,,,,
2016,SEG38,1,10,,,,,289,,,,
2016,SEG39,2,10,,,,,161,298,,,
2016,SEG04,0,,,,,,,,,,
2016,SEG40,0,,,,,,,,,,
2016,SEG41,1,,,,,,246,,,,
2016,SEG42,0,,,,,,,,,,
2016,SEG43,0,,,,,,,,,,
2016,SEG44,0,,,,,,,,,,
2016,SEG45,0,,,,,,,,,,
2016,SEG46,1,,,,,,183,,,,
2016,SEG47,1,10,,,,,162,,,,
2016,SEG48,0,,,,,,,,,,
2016,SEG49,0,,,,,,,,,,
2016,SEG05,1,10,,,,,222,,,,
2016,SEG50,0,,,,,,,,,,
2016,SEG06,0,,,,,,,,,,
2016,SEG07,1,,,,,,187,,,,
2016,SEG08,2,,,,,,186,231,,,
2016,SEG09,0,,,,,,,,,,
2017,AEG01,2,7,7,,,,167,241,,,
2017,AEG10,2,8,8,,,,198,248,,,
2017,AEG11,5,8,8,8,8,8,100,123,167,242,286
2017,AEG12,2,7,7,,,,167,208,,,
2017,AEG13,2,7,7,,,,167,300,,,
2017,AEG14,2,7,7,,,,168,264,,,
2017,AEG15,3,5,5,5,,,145,194,254,,
2017,AEG16,1,4,,,,,170,,,,
2017,AEG17,2,8,8,,,,160,270,,,
2017,AEG18,3,7,7,7,,,168,233,264,,
2017,AEG19,0,,,,,,,,,,
2017,AEG02,3,9,9,9,,,137,195,263,,
2017,AEG20,0,,,,,,,,,,
2017,AEG21,1,7,,,,,148,,,,
2017,AEG22,2,7,7,,,,184,266,,,
2017,AEG23,2,8,8,,,,170,237,,,
2017,AEG24,3,9,9,9,,,145,186,233,,
2017,AEG25,0,,,,,,,,,,
2017,AEG26,0,,,,,,,,,,
2017,AEG27,0,,,,,,,,,,
2017,AEG28,0,,,,,,,,,,
2017,AEG29,0,,,,,,,,,,
2017,AEG03,2,8,8,,,,173,269,,,
2017,AEG30,1,,,,,,291,,,,
2017,AEG31,0,,,,,,,,,,
2017,AEG32,0,,,,,,,,,,
2017,AEG33,0,,,,,,,,,,
2017,AEG34,0,,,,,,,,,,
2017,AEG35,3,7,7,7,,,162,233,286,,
2017,AEG36,3,7,7,7,,,167,233,286,,
2017,AEG37,2,7,7,,,,167,285,,,
2017,AEG38,2,6,6,,,,168,241,,,
2017,AEG39,2,7,7,,,,167,266,,,
2017,AEG04,1,7,,,,,167,,,,
2017,AEG40,2,5,5,,,,161,217,,,
2017,AEG41,3,7,7,7,,,168,233,310,,
2017,AEG42,2,7,7,,,,142,217,,,
2017,AEG43,1,7,,,,,165,,,,
2017,AEG44,0,,,,,,,,,,
2017,AEG45,3,7,7,7,,,165,236,286,,
2017,AEG46,0,,,,,,,,,,
2017,AEG47,0,,,,,,,,,,
2017,AEG48,0,,,,,,,,,,
2017,AEG49,0,,,,,,,,,,
2017,AEG05,1,7,,,,,167,,,,
2017,AEG50,3,7,7,7,,,165,236,286,,
2017,AEG06,1,7,,,,,167,,,,
2017,AEG07,0,,,,,,,,,,
2017,AEG08,1,9,,,,,162,,,,
2017,AEG09,0,,,,,,,,,,
2017,HEG01,2,7,7,,,,143,262,,,
2017,HEG10,1,7,,,,,180,,,,
2017,HEG11,1,7,,,,,168,,,,
2017,HEG12,1,7,,,,,209,,,,
2017,HEG13,3,7,7,7,,,150,219,297,,
2017,HEG14,2,7,7,,,,167,246,,,
2017,HEG15,1,7,,,,,165,,,,
2017,HEG16,0,,,,,,,,,,
2017,HEG17,0,,,,,,,,,,
2017,HEG18,0,,,,,,,,,,
2017,HEG19,0,,,,,,,,,,
2017,HEG02,2,7,7,,,,143,266,,,
2017,HEG20,0,,,,,,,,,,
2017,HEG21,0,,,,,,,,,,
2017,HEG22,2,7,7,,,,150,248,,,
2017,HEG23,1,7,,,,,280,,,,
2017,HEG24,1,7,,,,,157,,,,
2017,HEG25,1,7,,,,,232,,,,
2017,HEG26,1,7,,,,,311,,,,
2017,HEG27,2,7,7,,,,161,283,,,
2017,HEG28,1,7,,,,,175,,,,
2017,HEG29,1,7,,,,,175,,,,
2017,HEG03,2,7,7,,,,143,266,,,
2017,HEG30,2,7,7,,,,94,163,,,
2017,HEG31,2,7,7,,,,203,270,,,
2017,HEG32,1,7,,,,,153,,,,
2017,HEG33,1,7,,,,,137,,,,
2017,HEG34,1,7,,,,,128,,,,
2017,HEG35,1,7,,,,,170,,,,
2017,HEG36,0,,,,,,,,,,
2017,HEG37,1,7,,,,,136,,,,
2017,HEG38,1,7,,,,,169,,,,
2017,HEG39,1,7,,,,,163,,,,
2017,HEG04,1,7,,,,,137,,,,
2017,HEG40,0,,,,,,,,,,
2017,HEG41,0,,,,,,,,,,
2017,HEG42,0,,,,,,,,,,
2017,HEG43,0,,,,,,,,,,
2017,HEG44,0,,,,,,,,,,
2017,HEG45,0,,,,,,,,,,
2017,HEG46,0,,,,,,,,,,
2017,HEG47,1,7,,,,,192,,,,
2017,HEG48,1,7,,,,,192,,,,
2017,HEG49,2,7,7,,,,165,236,,,
2017,HEG05,2,7,7,,,,164,235,,,
2017,HEG50,1,7,,,,,152,,,,
2017,HEG06,1,7,,,,,217,,,,
2017,HEG07,0,,,,,,,,,,
2017,HEG08,0,,,,,,,,,,
2017,HEG09,0,,,,,,,,,,
2017,SEG01,1,10,,,,,171,,,,
2017,SEG10,0,,,,,,,,,,
2017,SEG11,0,,,,,,,,,,
2017,SEG12,1,10,,,,,170,,,,
2017,SEG13,2,9,9,,,,152,241,,,
2017,SEG14,1,7,,,,,170,,,,
2017,SEG15,1,,,,,,213,,,,
2017,SEG16,0,,,,,,,,,,
2017,SEG17,2,8,8,,,,157,199,,,
2017,SEG18,2,10,12,,,,170,243,,,
2017,SEG19,1,4,,,,,160,,,,
2017,SEG02,0,,,,,,,,,,
2017,SEG20,2,8,8,,,,157,228,,,
2017,SEG21,1,8,,,,,178,,,,
2017,SEG22,0,,,,,,,,,,
2017,SEG23,2,8,8,,,,163,289,,,
2017,SEG24,0,,,,,,,,,,
2017,SEG25,2,8,8,,,,157,272,,,
2017,SEG26,1,8,,,,,163,,,,
2017,SEG27,1,12,,,,,268,,,,
2017,SEG28,0,,,,,,,,,,
2017,SEG29,0,,,,,,,,,,
2017,SEG03,1,10,,,,,172,,,,
2017,SEG30,2,10,12,,,,168,249,,,
2017,SEG31,2,10,12,,,,168,249,,,
2017,SEG32,2,10,12,,,,168,160,,,
2017,SEG33,1,15,,,,,39,,,,
2017,SEG34,1,15,,,,,188,,,,
2017,SEG35,1,15,,,,,195,,,,
2017,SEG36,1,15,,,,,172,,,,
2017,SEG37,2,10,12,,,,170,244,,,
2017,SEG38,1,15,,,,,191,,,,
2017,SEG39,1,9,,,,,66,,,,
2017,SEG04,0,,,,,,,,,,
2017,SEG40,0,,,,,,,,,,
2017,SEG41,1,12,,,,,289,,,,
2017,SEG42,0,,,,,,,,,,
2017,SEG43,0,,,,,,,,,,
2017,SEG44,0,,,,,,,,,,
2017,SEG45,0,,,,,,,,,,
2017,SEG46,1,15,,,,,186,,,,
2017,SEG47,2,9,9,,,,149,241,,,
2017,SEG48,1,8,,,,,199,,,,
2017,SEG49,0,,,,,,,,,,
2017,SEG05,1,,,,,,212,,,,
2017,SEG50,1,,,,,,43,,,,
2017,SEG06,1,8,,,,,169,,,,
2017,SEG07,0,,,,,,,,,,
2017,SEG08,1,4,,,,,167,,,,
2017,SEG09,0,,,,,,,,,,
2018,AEG01,2,7,7,,,,163,253,,,
2018,AEG10,1,8,,,,,172,,,,
2018,AEG11,3,8,8,8,,,168,239,277,,
2018,AEG12,2,7,7,,,,200,253,,,
2018,AEG13,2,7,7,,,,168,253,,,
2018,AEG14,3,7,7,7,,,172,228,285,,
2018,AEG15,3,5,5,5,,,141,196,277,,
2018,AEG16,1,4,,,,,167,,,,
2018,AEG17,3,8,8,8,,,165,229,253,,
2018,AEG18,3,7,7,7,,,171,229,285,,
2018,AEG19,0,,,,,,,,,,
2018,AEG02,3,8,8,8,,,132,188,274,,
2018,AEG20,0,,,,,,,,,,
2018,AEG21,1,7,,,,,146,,,,
2018,AEG22,1,7,,,,,181,,,,
2018,AEG23,2,8,8,,,,168,253,,,
2018,AEG24,3,9,9,9,,,145,176,236,,
2018,AEG25,0,,,,,,,,,,
2018,AEG26,0,,,,,,,,,,
2018,AEG27,0,,,,,,,,,,
2018,AEG28,0,,,,,,,,,,
2018,AEG29,1,6,,,,,181,,,,
2018,AEG03,2,8,8,,,,174,254,,,
2018,AEG30,1,5,,,,,205,,,,
2018,AEG31,2,10,5,,,,116,205,,,
2018,AEG32,0,,,,,,,,,,
2018,AEG33,0,,,,,,,,,,
2018,AEG34,1,5,,,,,152,,,,
2018,AEG35,3,7,7,7,,,169,211,282,,
2018,AEG36,3,7,7,7,,,169,211,282,,
2018,AEG37,2,7,7,,,,172,222,,,
2018,AEG38,2,6,6,,,,181,261,,,
2018,AEG39,2,7,7,,,,169,253,,,
2018,AEG04,1,7,,,,,170,,,,
2018,AEG40,2,5,5,,,,145,197,,,
2018,AEG41,2,7,7,,,,169,237,,,
2018,AEG42,4,7,7,7,7,,127,164,274,296,
2018,AEG43,1,7,,,,,155,,,,
2018,AEG44,0,,,,,,,,,,
2018,AEG45,3,7,7,7,,,167,227,285,,
2018,AEG46,0,,,,,,,,,,
2018,AEG47,0,,,,,,,,,,
2018,AEG48,0,,,,,,,,,,
2018,AEG49,0,,,,,,,,,,
2018,AEG05,1,7,,,,,172,,,,
2018,AEG50,3,7,7,7,,,145,211,285,,
2018,AEG06,1,7,,,,,172,,,,
2018,AEG07,0,,,,,,,,,,
2018,AEG08,1,9,,,,,152,,,,
2018,AEG09,0,,,,,,,,,,
2018,HEG01,2,7,7,,,,159,199,,,
2018,HEG10,1,7,0,0,0,0,159,,,,
2018,HEG11,1,7,0,0,0,0,159,,,,
2018,HEG12,0,,,,,,,,,,
2018,HEG13,1,7,,,,,136,,,,
2018,HEG14,1,7,,,,,161,,,,
2018,HEG15,1,7,,,,,166,,,,
2018,HEG16,0,,,,,,,,,,
2018,HEG17,0,,,,,,,,,,
2018,HEG18,0,,,,,,,,,,
2018,HEG19,0,,,,,,,,,,
2018,HEG02,2,7,7,,,,165,200,,,
2018,HEG20,0,,,,,,,,,,
2018,HEG21,0,,,,,,,,,,
2018,HEG22,1,7,,,,,138,,,,
2018,HEG23,0,,,,,,,,,,
2018,HEG24,1,7,0,0,0,0,165,,,,
2018,HEG25,0,0,,,,,,,,,
2018,HEG26,1,7,,,,,163,,,,
2018,HEG27,2,7,7,0,0,0,164,176,,,
2018,HEG28,1,6,0,0,0,0,175,,,,
2018,HEG29,1,6,0,0,0,0,175,,,,
2018,HEG03,2,7,7,,,,165,200,,,
2018,HEG30,2,7,7,0,0,0,148,346,,,
2018,HEG31,2,7,7,,,,179,285,,,
2018,HEG32,1,7,7,0,0,0,144,,,,
2018,HEG33,1,6,0,0,0,0,127,,,,
2018,HEG34,1,9,0,0,0,0,124,,,,
2018,HEG35,0,,,,,,,,,,
2018,HEG36,0,,,,,,,,,,
2018,HEG37,1,0,,,,,158,,,,
2018,HEG38,1,7,0,0,0,0,177,,,,
2018,HEG39,0,,,,,,,,,,
2018,HEG04,1,6,0,0,0,0,127,,,,
2018,HEG40,0,,,,,,,,,,
2018,HEG41,0,,,,,,,,,,
2018,HEG42,0,,,,,,,,,,
2018,HEG43,0,,,,,,,,,,
2018,HEG44,0,,,,,,,,,,
2018,HEG45,0,,,,,,,,,,
2018,HEG46,0,,,,,,,,,,
2018,HEG47,1,7,0,0,0,0,163,,,,
2018,HEG48,1,7,0,0,0,0,162,,,,
2018,HEG49,1,7,0,0,0,0,160,,,,
2018,HEG05,1,7,,,,,149,,,,
2018,HEG50,1,7,0,0,0,0,160,,,,
2018,HEG06,1,9,0,0,0,0,124,,,,
2018,HEG07,0,,,,,,,,,,
2018,HEG08,0,,,,,,,,,,
2018,HEG09,0,,,,,,,,,,
2018,SEG01,2,10,7,,,,153,305,,,
2018,SEG10,1,10,,,,,151,,,,
2018,SEG11,0,,,,,,,,,,
2018,SEG12,2,10,7,,,,152,305,,,
2018,SEG13,2,9,15,,,,156,302,,,
2018,SEG14,2,7,7,,,,147,229,,,
2018,SEG15,2,8,8,,,,196,261,,,
2018,SEG16,1,4,,,,,258,,,,
2018,SEG17,1,8,,,,,155,,,,
2018,SEG18,2,10,12,,,,161,319,,,
2018,SEG19,1,4,,,,,158,,,,
2018,SEG02,0,,,,,,,,,,
2018,SEG20,1,8,,,,,289,,,,
2018,SEG21,1,8,,,,,283,,,,
2018,SEG22,0,,,,,,,,,,
2018,SEG23,2,8,4,,,,148,257,,,
2018,SEG24,2,9,9,,,,163,255,,,
2018,SEG25,2,8,8,,,,143,261,,,
2018,SEG26,2,4,4,,,,162,257,,,
2018,SEG27,1,,,,,,177,,,,
2018,SEG28,1,9,,,,,255,,,,
2018,SEG29,2,9,9,,,,163,244,,,
2018,SEG03,0,,,,,,,,,,
2018,SEG30,1,10,,,,,163,,,,
2018,SEG31,1,10,,,,,163,,,,
2018,SEG32,1,10,,,,,163,,,,
2018,SEG33,0,,,,,,,,,,
2018,SEG34,0,,,,,,,,,,
2018,SEG35,0,,,,,,,,,,
2018,SEG36,0,,,,,,,,,,
2018,SEG37,1,10,,,,,161,,,,
2018,SEG38,0,,,,,,,,,,
2018,SEG39,0,,,,,,,,,,
2018,SEG04,2,8,8,,,,206,271,,,
2018,SEG40,0,,,,,,,,,,
2018,SEG41,0,,,,,,,,,,
2018,SEG42,0,,,,,,,,,,
2018,SEG43,0,,,,,,,,,,
2018,SEG44,0,,,,,,,,,,
2018,SEG45,0,,,,,,,,,,
2018,SEG46,0,,,,,,,,,,
2018,SEG47,0,,,,,,,,,,
2018,SEG48,2,,8,,,,163,289,,,
2018,SEG49,0,,,,,,,,,,
2018,SEG05,1,8,,,,,207,,,,
2018,SEG50,0,,,,,,,,,,
2018,SEG06,2,8,8,,,,166,283,,,
2018,SEG07,0,,,,,,,,,,
2018,SEG08,0,,,,,,,,,,
2018,SEG09,1,8,,,,,289,,,,
2019,AEG01,2,7,7,,,,178,247,,,
2019,AEG10,1,8,,,,,175,,,,
2019,AEG11,4,6,8,8,8,,114,149,203,255,
2019,AEG12,2,7,7,,,,175,284,,,
2019,AEG13,2,7,7,,,,175,284,,,
2019,AEG14,3,7,7,7,,,175,233,292,,
2019,AEG15,3,4,4,4,,,151,180,262,,
2019,AEG16,0,,,,,,,,,,
2019,AEG17,2,8,8,,,,175,266,,,
2019,AEG18,3,7,7,7,,,175,233,285,,
2019,AEG19,0,,,,,,,,,,
2019,AEG02,3,8,8,8,,,151,185,247,,
2019,AEG20,0,,,,,,,,,,
2019,AEG21,1,7,,,,,152,,,,
2019,AEG22,1,7,,,,,175,,,,
2019,AEG23,2,8,8,,,,175,240,,,
2019,AEG24,3,9,9,9,,,151,186,257,,
2019,AEG25,0,,,,,,,,,,
2019,AEG26,0,,,,,,,,,,
2019,AEG27,0,,,,,,,,,,
2019,AEG28,0,,,,,,,,,,
2019,AEG29,1,6,,,,,177,,,,
2019,AEG03,1,8,,,,,175,,,,
2019,AEG30,1,5,,,,,197,,,,
2019,AEG31,1,5,,,,,196,,,,
2019,AEG32,0,,,,,,,,,,
2019,AEG33,0,,,,,,,,,,
2019,AEG34,0,,,,,,,,,,
2019,AEG35,2,7,7,,,,175,256,,,
2019,AEG36,2,7,7,,,,175,262,,,
2019,AEG37,2,7,7,,,,176,263,,,
2019,AEG38,2,6,6,,,,176,261,,,
2019,AEG39,2,7,7,,,,176,256,,,
2019,AEG04,1,7,,,,,176,,,,
2019,AEG40,2,5,5,,,,174,235,,,
2019,AEG41,2,7,7,,,,174,231,,,
2019,AEG42,3,7,7,7,,,142,185,248,,
2019,AEG43,0,,,,,,,,,,
2019,AEG44,0,,,,,,,,,,
2019,AEG45,2,7,7,,,,167,254,,,
2019,AEG46,0,,,,,,,,,,
2019,AEG47,0,,,,,,,,,,
2019,AEG48,0,,,,,,,,,,
2019,AEG49,0,,,,,,,,,,
2019,AEG05,1,7,,,,,175,,,,
2019,AEG50,1,7,,,,,175,,,,
2019,AEG06,1,7,,,,,175,,,,
2019,AEG07,0,,,,,,,,,,
2019,AEG08,2,9,9,,,,146,243,,,
2019,AEG09,0,,,,,,,,,,
2019,HEG01,2,8,8,,,,143,171,,,
2019,HEG10,1,3,,,,,169,,,,
2019,HEG11,1,3,,,,,169,,,,
2019,HEG12,0,,,,,,,,,,
2019,HEG13,1,10,,,,,154,,,,
2019,HEG14,1,5,,,,,166,,,,
2019,HEG15,1,7,,,,,166,,,,
2019,HEG16,1,5,,,,,12,,,,
2019,HEG17,0,,,,,,,,,,
2019,HEG18,0,,,,,,,,,,
2019,HEG19,0,,,,,,,,,,
2019,HEG02,1,8,,,,,143,,,,
2019,HEG20,0,,,,,,,,,,
2019,HEG21,0,,,,,,,,,,
2019,HEG22,2,10,10,,,,137,240,,,
2019,HEG23,1,6,,,,,178,,,,
2019,HEG24,1,8,,,,,173,,,,
2019,HEG25,1,8,,,,,288,,,,
2019,HEG26,1,3,,,,,178,,,,
2019,HEG27,1,8,,,,,171,,,,
2019,HEG28,1,6,,,,,172,,,,
2019,HEG29,1,6,,,,,172,,,,
2019,HEG03,1,8,,,,,143,,,,
2019,HEG30,2,4,4,,,,152,241,,,
2019,HEG31,0,,,,,,,,,,
2019,HEG32,2,8,8,,,,161,273,,,
2019,HEG33,1,6,,,,,164,,,,
2019,HEG34,1,6,,,,,166,,,,
2019,HEG35,1,6,,,,,166,,,,
2019,HEG36,0,,,,,,,,,,
2019,HEG37,1,6,,,,,163,,,,
2019,HEG38,1,10,,,,,88,,,,
2019,HEG39,0,,,,,,,,,,
2019,HEG04,1,6,,,,,145,,,,
2019,HEG40,0,,,,,,,,,,
2019,HEG41,0,,,,,,,,,,
2019,HEG42,0,,,,,,,,,,
2019,HEG43,0,,,,,,,,,,
2019,HEG44,0,,,,,,,,,,
2019,HEG45,0,,,,,,,,,,
2019,HEG46,0,,,,,,,,,,
2019,HEG47,1,3,,,,,178,,,,
2019,HEG48,1,3,,,,,177,,,,
2019,HEG49,2,3,3,,,,156,238,,,
2019,HEG05,1,4,,,,,152,,,,
2019,HEG50,1,3,,,,,169,,,,
2019,HEG06,1,6,,,,,166,,,,
2019,HEG07,0,,,,,,,,,,
2019,HEG08,0,,,,,,,,,,
2019,HEG09,0,,,,,,,,,,
2019,SEG01,1,7,,,,,234,,,,
2019,SEG10,1,10,,,,,176,,,,
2019,SEG11,0,,,,,,,,,,
2019,SEG12,1,7,,,,,234,,,,
2019,SEG13,2,9,15,,,,157,346,,,
2019,SEG14,2,7,7,,,,174,234,,,
2019,SEG15,1,4,,,,,198,,,,
2019,SEG16,1,4,,,,,198,,,,
2019,SEG17,1,8,,,,,190,,,,
2019,SEG18,1,10,,,,,175,,,,
2019,SEG19,0,,,,,,,,,,
2019,SEG02,0,,,,,,,,,,
2019,SEG20,1,,,,,,179,,,,
2019,SEG21,1,,,,,,197,,,,
2019,SEG22,0,,,,,,,,,,
2019,SEG23,2,8,8,,,,175,288,,,
2019,SEG24,1,9,,,,,,,,,
2019,SEG25,2,8,8,,,,163,296,,,
2019,SEG26,1,8,,,,,186,,,,
2019,SEG27,1,10,,,,,180,,,,
2019,SEG28,0,,,,,,,,,,
2019,SEG29,1,10,,,,,187,,,,
2019,SEG03,1,10,,,,,176,,,,
2019,SEG30,1,10,,,,,156,,,,
2019,SEG31,1,10,,,,,156,,,,
2019,SEG32,1,10,,,,,156,,,,
2019,SEG33,1,15,,,,,196,,,,
2019,SEG34,1,15,,,,,350,,,,
2019,SEG35,1,15,,,,,350,,,,
2019,SEG36,1,15,,,,,213,,,,
2019,SEG37,0,,,,,,,,,,
2019,SEG38,0,,,,,,,,,,
2019,SEG39,1,15,,,,,213,,,,
2019,SEG04,1,4,,,,,207,,,,
2019,SEG40,1,12,,,,,213,,,,
2019,SEG41,1,12,,,,,197,,,,
2019,SEG42,0,,,,,,,,,,
2019,SEG43,0,,,,,,,,,,
2019,SEG44,0,,,,,,,,,,
2019,SEG45,0,,,,,,,,,,
2019,SEG46,0,,,,,,,,,,
2019,SEG47,1,15,,,,,184,,,,
2019,SEG48,1,,,,,,193,,,,
2019,SEG49,0,,,,,,,,,,
2019,SEG05,1,4,,,,,198,,,,
2019,SEG50,0,,,,,,,,,,
2019,SEG06,1,8,,,,,190,,,,
2019,SEG07,0,,,,,,,,,,
2019,SEG08,1,15,,,,,193,,,,
2019,SEG09,1,,,,,,184,,,,
2020,AEG01,2,7,7,,,,187,266,,,
2020,AEG10,2,8,8,,,,147,203,,,
2020,AEG11,2,8,8,,,,193,252,,,
2020,AEG12,2,7,7,,,,173,254,,,
2020,AEG13,2,7,7,,,,174,252,,,
2020,AEG14,2,7,7,,,,189,255,,,
2020,AEG15,3,6,6,6,,,143,190,260,,
2020,AEG16,0,,,,,,,,,,
2020,AEG17,2,8,8,,,,187,294,,,
2020,AEG18,2,7,7,,,,175,221,,,
2020,AEG19,1,7,,,,,200,,,,
2020,AEG02,3,8,8,8,,,143,192,260,,
2020,AEG20,0,,,,,,,,,,
2020,AEG21,1,7,,,,,178,,,,
2020,AEG22,2,7,7,,,,151,221,,,
2020,AEG23,3,8,8,8,,,129,174,240,,
2020,AEG24,2,9,9,,,,147,200,,,
2020,AEG25,0,,,,,,,,,,
2020,AEG26,0,,,,,,,,,,
2020,AEG27,0,,,,,,,,,,
2020,AEG28,0,,,,,,,,,,
2020,AEG29,1,6,,,,,189,,,,
2020,AEG03,2,8,8,,,,194,294,,,
2020,AEG30,1,5,,,,,200,,,,
2020,AEG31,1,5,,,,,186,,,,
2020,AEG32,0,,,,,,,,,,
2020,AEG33,0,,,,,,,,,,
2020,AEG34,0,,,,,,,,,,
2020,AEG35,2,7,7,,,,200,292,,,
2020,AEG36,2,7,7,,,,187,292,,,
2020,AEG37,2,7,7,,,,189,262,,,
2020,AEG38,2,6,6,,,,170,255,,,
2020,AEG39,2,7,7,,,,175,262,,,
2020,AEG04,1,7,,,,,193,,,,
2020,AEG40,2,5,5,,,,174,231,,,
2020,AEG41,3,7,7,7,,,175,211,266,,
2020,AEG42,3,7,7,7,,,141,189,255,,
2020,AEG43,1,7,,,,,252,,,,
2020,AEG44,0,,,,,,,,,,
2020,AEG45,2,7,7,,,,172,294,,,
2020,AEG46,0,,,,,,,,,,
2020,AEG47,0,,,,,,,,,,
2020,AEG48,0,,,,,,,,,,
2020,AEG49,0,,,,,,,,,,
2020,AEG05,0,,,,,,,,,,
2020,AEG50,2,7,7,,,,126,288,,,
2020,AEG06,1,7,,,,,200,,,,
2020,AEG07,0,,,,,,,,,,
2020,AEG08,1,9,,,,,147,,,,
2020,AEG09,0,,,,,,,,,,
2020,HEG01,2,8,8,,,,137,175,,,
2020,HEG10,1,6,,,,,184,,,,
2020,HEG11,1,5,,,,,184,,,,
2020,HEG12,0,,,,,,,,,,
2020,HEG13,2,10,10,,,,149,219,,,
2020,HEG14,1,5,,,,,174,,,,
2020,HEG15,2,6,6,,,,154,210,,,
2020,HEG16,0,,,,,,,,,,
2020,HEG17,0,,,,,,,,,,
2020,HEG18,0,,,,,,,,,,
2020,HEG19,0,,,,,,,,,,
2020,HEG02,1,8,,,,,176,,,,
2020,HEG20,0,,,,,,,,,,
2020,HEG21,0,,,,,,,,,,
2020,HEG22,2,10,10,,,,143,207,,,
2020,HEG23,1,6,,,,,182,,,,
2020,HEG24,1,8,,,,,197,,,,
2020,HEG25,1,10,,,,,238,,,,
2020,HEG26,2,6,6,,,,176,247,,,
2020,HEG27,2,8,6,,,,155,273,,,
2020,HEG28,1,,,,,,172,,,,
2020,HEG29,1,,,,,,172,,,,
2020,HEG03,1,8,,,,,176,,,,
2020,HEG30,3,4,4,4,,,149,190,246,,
2020,HEG31,0,,,,,,,,,,
2020,HEG32,1,8,,,,,156,,,,
2020,HEG33,1,6,,,,,155,,,,
2020,HEG34,1,6,,,,,180,,,,
2020,HEG35,1,6,,,,,195,,,,
2020,HEG36,0,,,,,,,,,,
2020,HEG37,2,6,6,,,,180,257,,,
2020,HEG38,1,10,,,,,201,,,,
2020,HEG39,0,,,,,,,,,,
2020,HEG04,2,6,6,,,,86,252,,,
2020,HEG40,0,,,,,,,,,,
2020,HEG41,0,,,,,,,,,,
2020,HEG42,0,,,,,,,,,,
2020,HEG43,0,,,,,,,,,,
2020,HEG44,0,,,,,,,,,,
2020,HEG45,0,,,,,,,,,,
2020,HEG46,0,,,,,,,,,,
2020,HEG47,2,6,6,,,,176,247,,,
2020,HEG48,2,6,6,,,,176,246,,,
2020,HEG49,2,6,6,,,,174,246,,,
2020,HEG05,2,4,4,,,,149,190,,,
2020,HEG50,1,6,,,,,174,,,,
2020,HEG06,1,6,,,,,180,,,,
2020,HEG07,0,,,,,,,,,,
2020,HEG08,0,,,,,,,,,,
2020,HEG09,0,,,,,,,,,,
2020,SEG01,1,10,,,,,219,,,,
2020,SEG10,1,10,,,,,181,,,,
2020,SEG11,1,10,,,,,231,,,,
2020,SEG12,1,10,,,,,219,,,,
2020,SEG13,1,15,,,,,309,,,,
2020,SEG14,2,7,7,,,,174,220,,,
2020,SEG15,1,4,,,,,199,,,,
2020,SEG16,2,4,,,,,200,284,,,
2020,SEG17,1,,,,,,203,,,,
2020,SEG18,1,10,,,,,,,,,
2020,SEG19,1,4,,,,,155,,,,
2020,SEG02,0,,,,,,,,,,
2020,SEG20,0,,,,,,,,,,
2020,SEG21,1,,,,,,195,,,,
2020,SEG22,0,,,,,,,,,,
2020,SEG23,2,4,4,,,,155,224,,,
2020,SEG24,0,,,,,,,,,,
2020,SEG25,2,8,8,,,,183,283,,,
2020,SEG26,2,4,4,,,,155,224,,,
2020,SEG27,1,10,,,,,190,,,,
2020,SEG28,1,9,,,,,166,,,,
2020,SEG29,0,,,,,,,,,,
2020,SEG03,1,10,,,,,231,,,,
2020,SEG30,1,10,,,,,156,,,,
2020,SEG31,1,10,,,,,156,,,,
2020,SEG32,1,10,,,,,156,,,,
2020,SEG33,1,15,,,,,223,,,,
2020,SEG34,0,,,,,,,,,,
2020,SEG35,0,,,,,,,,,,
2020,SEG36,1,15,,,,,189,,,,
2020,SEG37,0,,,,,,,,,,
2020,SEG38,0,,,,,,,,,,
2020,SEG39,0,,,,,,,,,,
2020,SEG04,2,4,,,,,200,289,,,
2020,SEG40,0,,,,,,,,,,
2020,SEG41,0,,,,,,,,,,
2020,SEG42,0,,,,,,,,,,
2020,SEG43,0,,,,,,,,,,
2020,SEG44,0,,,,,,,,,,
2020,SEG45,0,,,,,,,,,,
2020,SEG46,0,,,,,,,,,,
2020,SEG47,1,15,,,,,223,,,,
2020,SEG48,1,,,,,,187,,,,
2020,SEG49,0,,,,,,,,,,
2020,SEG05,1,4,,,,,200,,,,
2020,SEG50,0,,,,,,,,,,
2020,SEG06,1,,,,,,203,,,,
2020,SEG07,0,,,,,,,,,,
2020,SEG08,1,4,,,,,227,,,,
2020,SEG09,0,,,,,,,,,,
2021,AEG01,2,7,7,,,,165,245,,,
2021,AEG10,2,8,8,,,,164,231,,,
2021,AEG11,2,8,8,,,,163,221,,,
2021,AEG12,2,7,7,,,,164,246,,,
2021,AEG13,2,7,7,,,,163,245,,,
2021,AEG14,2,7,7,,,,199,247,,,
2021,AEG15,3,6,6,6,,,148,199,260,,
2021,AEG16,0,,,,,,,,,,
2021,AEG17,2,8,8,,,,200,272,,,
2021,AEG18,3,7,7,7,,,163,222,272,,
2021,AEG19,0,,,,,,,,,,
2021,AEG02,4,8,8,8,8,,148,200,237,289,
2021,AEG20,0,,,,,,,,,,
2021,AEG21,1,7,,,,,163,,,,
2021,AEG22,2,7,7,,,,163,240,,,
2021,AEG23,3,8,8,8,,,130,163,267,,
2021,AEG24,3,9,9,9,,,162,200,252,,
2021,AEG25,0,,,,,,,,,,
2021,AEG26,0,,,,,,,,,,
2021,AEG27,0,,,,,,,,,,
2021,AEG28,0,,,,,,,,,,
2021,AEG29,1,6,,,,,202,,,,
2021,AEG03,2,8,8,,,,199,272,,,
2021,AEG30,3,6,6,6,,,151,202,263,,
2021,AEG31,2,5,5,,,,202,261,,,
2021,AEG32,0,,,,,,,,,,
2021,AEG33,0,,,,,,,,,,
2021,AEG34,0,,,,,,,,,,
2021,AEG35,2,7,7,,,,200,246,,,
2021,AEG36,3,7,7,7,,,165,222,267,,
2021,AEG37,2,5,7,,,,200,272,,,
2021,AEG38,2,6,6,,,,202,268,,,
2021,AEG39,2,7,7,,,,164,265,,,
2021,AEG04,1,7,,,,,200,,,,
2021,AEG40,1,5,,,,,214,,,,
2021,AEG41,3,7,7,7,,,162,222,252,,
2021,AEG42,3,7,7,7,,,150,200,249,,
2021,AEG43,0,,,,,,,,,,
2021,AEG44,0,,,,,,,,,,
2021,AEG45,2,7,7,,,,200,245,,,
2021,AEG46,0,,,,,,,,,,
2021,AEG47,0,,,,,,,,,,
2021,AEG48,0,,,,,,,,,,
2021,AEG49,0,,,,,,,,,,
2021,AEG05,1,7,,,,,165,,,,
2021,AEG50,2,7,7,,,,200,245,,,
2021,AEG06,1,7,,,,,165,,,,
2021,AEG07,0,,,,,,,,,,
2021,AEG08,2,9,9,,,,162,252,,,
2021,AEG09,0,,,,,,,,,,
2021,HEG01,2,8,8,,,,155,252,,,
2021,HEG10,1,6,,,,,154,,,,
2021,HEG11,1,6,,,,,154,,,,
2021,HEG12,0,,,,,,,,,,
2021,HEG13,1,10,,,,,164,,,,
2021,HEG14,2,5,5,,,,162,246,,,
2021,HEG15,1,6,,,,,160,,,,
2021,HEG16,0,,,,,,,,,,
2021,HEG17,0,,,,,,,,,,
2021,HEG18,0,,,,,,,,,,
2021,HEG19,0,,,,,,,,,,
2021,HEG02,2,8,8,,,,155,252,,,
2021,HEG20,0,,,,,,,,,,
2021,HEG21,1,8,,,,,161,,,,
2021,HEG22,3,6,6,6,,,158,209,273,,
2021,HEG23,2,6,6,,,,169,252,,,
2021,HEG24,1,7,,,,,205,,,,
2021,HEG25,1,6,,,,,232,,,,
2021,HEG26,2,6,10,,,,163,309,,,
2021,HEG27,1,6,,,,,189,,,,
2021,HEG28,1,6,,,,,189,,,,
2021,HEG29,1,6,,,,,189,,,,
2021,HEG03,2,8,8,,,,155,252,,,
2021,HEG30,3,4,4,4,,,161,202,257,,
2021,HEG31,1,8,,,,,203,,,,
2021,HEG32,1,6,,,,,161,,,,
2021,HEG33,2,6,6,,,,152,214,,,
2021,HEG34,2,6,6,,,,154,202,,,
2021,HEG35,2,6,6,,,,154,203,,,
2021,HEG36,0,,,,,,,,,,
2021,HEG37,2,6,6,,,,164,215,,,
2021,HEG38,1,8,,,,,225,,,,
2021,HEG39,1,5,,,,,89,,,,
2021,HEG04,2,6,6,,,,152,214,,,
2021,HEG40,0,,,,,,,,,,
2021,HEG41,0,,,,,,,,,,
2021,HEG42,0,,,,,,,,,,
2021,HEG43,0,,,,,,,,,,
2021,HEG44,1,,,,,,210,,,,
2021,HEG45,0,,,,,,,,,,
2021,HEG46,1,8,,,,,198,,,,
2021,HEG47,2,6,10,,,,163,309,,,
2021,HEG48,2,6,10,,,,163,309,,,
2021,HEG49,2,6,10,,,,163,309,,,
2021,HEG05,3,4,4,4,,,153,202,257,,
2021,HEG50,1,6,,,,,154,,,,
2021,HEG06,2,6,6,,,,154,202,,,
2021,HEG07,0,,,,,,,,,,
2021,HEG08,0,,,,,,,,,,
2021,HEG09,0,,,,,,,,,,
2021,SEG01,1,10,,,,,312,,,,
2021,SEG10,1,10,,,,,164,,,,
2021,SEG11,2,10,10,,,,164,248,,,
2021,SEG12,1,10,,,,,307,,,,
2021,SEG13,2,15,15,,,,175,243,,,
2021,SEG14,1,7,,,,,160,,,,
2021,SEG15,1,8,,,,,224,,,,
2021,SEG16,1,8,,,,,222,,,,
2021,SEG17,1,8,,,,,186,,,,
2021,SEG18,0,,,,,,,,,,
2021,SEG19,1,6,,,,,166,,,,
2021,SEG02,1,10,,,,,309,,,,
2021,SEG20,1,8,,,,,200,,,,
2021,SEG21,1,8,,,,,181,,,,
2021,SEG22,1,10,,,,,197,,,,
2021,SEG23,0,,,,,,,,,,
2021,SEG24,1,9,,,,,199,,,,
2021,SEG25,2,8,8,,,,162,246,,,
2021,SEG26,0,,,,,,,,,,
2021,SEG27,1,10,,,,,181,,,,
2021,SEG28,1,9,,,,,156,,,,
2021,SEG29,1,10,,,,,316,,,,
2021,SEG03,1,10,,,,,307,,,,
2021,SEG30,2,10,10,,,,152,243,,,
2021,SEG31,2,10,10,,,,152,243,,,
2021,SEG32,2,10,10,,,,152,243,,,
2021,SEG33,0,,,,,,,,,,
2021,SEG34,1,15,,,,,188,,,,
2021,SEG35,1,15,,,,,174,,,,
2021,SEG36,1,15,,,,,173,,,,
2021,SEG37,0,,,,,,,,,,
2021,SEG38,0,,,,,,,,,,
2021,SEG39,1,9,,,,,175,,,,
2021,SEG04,1,8,,,,,223,,,,
2021,SEG40,0,,,,,,,,,,
2021,SEG41,0,,,,,,,,,,
2021,SEG42,0,,,,,,,,,,
2021,SEG43,0,,,,,,,,,,
2021,SEG44,0,,,,,,,,,,
2021,SEG45,0,,,,,,,,,,
2021,SEG46,1,15,,,,,181,,,,
2021,SEG47,1,15,,,,,218,,,,
2021,SEG48,2,8,8,,,,183,223,,,
2021,SEG49,0,,,,,,,,,,
2021,SEG05,1,6,,,,,224,,,,
2021,SEG50,1,,,,,,305,,,,
2021,SEG06,2,8,8,,,,166,235,,,
2021,SEG07,1,10,,,,,312,,,,
2021,SEG08,2,8,8,,,,215,281,,,
2021,SEG09,1,8,,,,,207,,,,
